{
  "status": 0,
  "result": [
    {
      "createdById": "0055e000001r1GbAAI",
      "createdByName": "Gustavo Caldas",
      "createdDate": "2026-02-06T22:41:04.000Z",
      "fileName": "sites/CloudsquareGustavoCaldasStudyCase.site",
      "fullName": "CloudsquareGustavoCaldasStudyCase",
      "id": "0DMfj000001nXqHGAU",
      "lastModifiedById": "0055e000001r1GbAAI",
      "lastModifiedByName": "Gustavo Caldas",
      "lastModifiedDate": "2026-02-06T23:11:18.000Z",
      "type": "CustomSite"
    }
  ]
}