{
  "status": 0,
  "result": [
    {
      "createdById": "0055e000001r1GbAAI",
      "createdByName": "Gustavo Caldas",
      "createdDate": "2025-10-05T02:21:03.000Z",
      "fileName": "customPermissions/cldfs__widgetConfigure.customPermission",
      "fullName": "cldfs__widgetConfigure",
      "id": "0CPDm000000oUrQOAU",
      "lastModifiedById": "0055e000001r1GbAAI",
      "lastModifiedByName": "Gustavo Caldas",
      "lastModifiedDate": "2025-10-05T02:21:03.000Z",
      "manageableState": "installed",
      "namespacePrefix": "cldfs",
      "type": "CustomPermission"
    },
    {
      "createdById": "0055e000001r1GbAAI",
      "createdByName": "Gustavo Caldas",
      "createdDate": "2025-10-05T02:21:03.000Z",
      "fileName": "customPermissions/cldfs__createFolder.customPermission",
      "fullName": "cldfs__createFolder",
      "id": "0CPDm000000oUrIOAU",
      "lastModifiedById": "0055e000001r1GbAAI",
      "lastModifiedByName": "Gustavo Caldas",
      "lastModifiedDate": "2025-10-05T02:21:03.000Z",
      "manageableState": "installed",
      "namespacePrefix": "cldfs",
      "type": "CustomPermission"
    },
    {
      "createdById": "0055e000001r1GbAAI",
      "createdByName": "Gustavo Caldas",
      "createdDate": "2025-10-05T02:21:03.000Z",
      "fileName": "customPermissions/cldfs__shareWithCommunity.customPermission",
      "fullName": "cldfs__shareWithCommunity",
      "id": "0CPDm000000oUrPOAU",
      "lastModifiedById": "0055e000001r1GbAAI",
      "lastModifiedByName": "Gustavo Caldas",
      "lastModifiedDate": "2025-10-05T02:21:03.000Z",
      "manageableState": "installed",
      "namespacePrefix": "cldfs",
      "type": "CustomPermission"
    },
    {
      "createdById": "0055e000001r1GbAAI",
      "createdByName": "Gustavo Caldas",
      "createdDate": "2025-10-05T02:21:03.000Z",
      "fileName": "customPermissions/cldfs__attachmentDisconnect.customPermission",
      "fullName": "cldfs__attachmentDisconnect",
      "id": "0CPDm000000oUrFOAU",
      "lastModifiedById": "0055e000001r1GbAAI",
      "lastModifiedByName": "Gustavo Caldas",
      "lastModifiedDate": "2025-10-05T02:21:03.000Z",
      "manageableState": "installed",
      "namespacePrefix": "cldfs",
      "type": "CustomPermission"
    },
    {
      "createdById": "0055e000001r1GbAAI",
      "createdByName": "Gustavo Caldas",
      "createdDate": "2025-10-05T02:21:03.000Z",
      "fileName": "customPermissions/cldfs__analyticsRead.customPermission",
      "fullName": "cldfs__analyticsRead",
      "id": "0CPDm000000oUrDOAU",
      "lastModifiedById": "0055e000001r1GbAAI",
      "lastModifiedByName": "Gustavo Caldas",
      "lastModifiedDate": "2025-10-05T02:21:03.000Z",
      "manageableState": "installed",
      "namespacePrefix": "cldfs",
      "type": "CustomPermission"
    },
    {
      "createdById": "0055e000001r1GbAAI",
      "createdByName": "Gustavo Caldas",
      "createdDate": "2025-10-05T02:21:03.000Z",
      "fileName": "customPermissions/cldfs__attachmentWrite.customPermission",
      "fullName": "cldfs__attachmentWrite",
      "id": "0CPDm000000oUrGOAU",
      "lastModifiedById": "0055e000001r1GbAAI",
      "lastModifiedByName": "Gustavo Caldas",
      "lastModifiedDate": "2025-10-05T02:21:03.000Z",
      "manageableState": "installed",
      "namespacePrefix": "cldfs",
      "type": "CustomPermission"
    },
    {
      "createdById": "0055e000001r1GbAAI",
      "createdByName": "Gustavo Caldas",
      "createdDate": "2025-10-05T02:21:03.000Z",
      "fileName": "customPermissions/cldfs__resourceDelete.customPermission",
      "fullName": "cldfs__resourceDelete",
      "id": "0CPDm000000oUrMOAU",
      "lastModifiedById": "0055e000001r1GbAAI",
      "lastModifiedByName": "Gustavo Caldas",
      "lastModifiedDate": "2025-10-05T02:21:03.000Z",
      "manageableState": "installed",
      "namespacePrefix": "cldfs",
      "type": "CustomPermission"
    },
    {
      "createdById": "0055e000001r1GbAAI",
      "createdByName": "Gustavo Caldas",
      "createdDate": "2025-10-05T02:21:03.000Z",
      "fileName": "customPermissions/cldfs__accountWrite.customPermission",
      "fullName": "cldfs__accountWrite",
      "id": "0CPDm000000oUrCOAU",
      "lastModifiedById": "0055e000001r1GbAAI",
      "lastModifiedByName": "Gustavo Caldas",
      "lastModifiedDate": "2025-10-05T02:21:03.000Z",
      "manageableState": "installed",
      "namespacePrefix": "cldfs",
      "type": "CustomPermission"
    },
    {
      "createdById": "0055e000001r1GbAAI",
      "createdByName": "Gustavo Caldas",
      "createdDate": "2025-10-05T02:21:03.000Z",
      "fileName": "customPermissions/cldfs__resourceUpdate.customPermission",
      "fullName": "cldfs__resourceUpdate",
      "id": "0CPDm000000oUrNOAU",
      "lastModifiedById": "0055e000001r1GbAAI",
      "lastModifiedByName": "Gustavo Caldas",
      "lastModifiedDate": "2025-10-05T02:21:03.000Z",
      "manageableState": "installed",
      "namespacePrefix": "cldfs",
      "type": "CustomPermission"
    },
    {
      "createdById": "0055e000001r1GbAAI",
      "createdByName": "Gustavo Caldas",
      "createdDate": "2025-10-05T02:21:03.000Z",
      "fileName": "customPermissions/cldfs__serviceAccountAccess.customPermission",
      "fullName": "cldfs__serviceAccountAccess",
      "id": "0CPDm000000oUrOOAU",
      "lastModifiedById": "0055e000001r1GbAAI",
      "lastModifiedByName": "Gustavo Caldas",
      "lastModifiedDate": "2025-10-05T02:21:03.000Z",
      "manageableState": "installed",
      "namespacePrefix": "cldfs",
      "type": "CustomPermission"
    },
    {
      "createdById": "0055e000001r1GbAAI",
      "createdByName": "Gustavo Caldas",
      "createdDate": "2025-10-05T02:21:03.000Z",
      "fileName": "customPermissions/cldfs__linkRead.customPermission",
      "fullName": "cldfs__linkRead",
      "id": "0CPDm000000oUrKOAU",
      "lastModifiedById": "0055e000001r1GbAAI",
      "lastModifiedByName": "Gustavo Caldas",
      "lastModifiedDate": "2025-10-05T02:21:03.000Z",
      "manageableState": "installed",
      "namespacePrefix": "cldfs",
      "type": "CustomPermission"
    },
    {
      "createdById": "0055e000001r1GbAAI",
      "createdByName": "Gustavo Caldas",
      "createdDate": "2025-10-05T02:21:03.000Z",
      "fileName": "customPermissions/cldfs__fileUpload.customPermission",
      "fullName": "cldfs__fileUpload",
      "id": "0CPDm000000oUrJOAU",
      "lastModifiedById": "0055e000001r1GbAAI",
      "lastModifiedByName": "Gustavo Caldas",
      "lastModifiedDate": "2025-10-05T02:21:03.000Z",
      "manageableState": "installed",
      "namespacePrefix": "cldfs",
      "type": "CustomPermission"
    },
    {
      "createdById": "0055e000001r1GbAAI",
      "createdByName": "Gustavo Caldas",
      "createdDate": "2025-10-05T02:21:03.000Z",
      "fileName": "customPermissions/cldfs__attachmentConnect.customPermission",
      "fullName": "cldfs__attachmentConnect",
      "id": "0CPDm000000oUrEOAU",
      "lastModifiedById": "0055e000001r1GbAAI",
      "lastModifiedByName": "Gustavo Caldas",
      "lastModifiedDate": "2025-10-05T02:21:03.000Z",
      "manageableState": "installed",
      "namespacePrefix": "cldfs",
      "type": "CustomPermission"
    },
    {
      "createdById": "0055e000001r1GbAAI",
      "createdByName": "Gustavo Caldas",
      "createdDate": "2025-10-05T02:21:03.000Z",
      "fileName": "customPermissions/cldfs__contentDownload.customPermission",
      "fullName": "cldfs__contentDownload",
      "id": "0CPDm000000oUrHOAU",
      "lastModifiedById": "0055e000001r1GbAAI",
      "lastModifiedByName": "Gustavo Caldas",
      "lastModifiedDate": "2025-10-05T02:21:03.000Z",
      "manageableState": "installed",
      "namespacePrefix": "cldfs",
      "type": "CustomPermission"
    },
    {
      "createdById": "0055e000001r1GbAAI",
      "createdByName": "Gustavo Caldas",
      "createdDate": "2025-10-05T02:21:03.000Z",
      "fileName": "customPermissions/cldfs__linkWrite.customPermission",
      "fullName": "cldfs__linkWrite",
      "id": "0CPDm000000oUrLOAU",
      "lastModifiedById": "0055e000001r1GbAAI",
      "lastModifiedByName": "Gustavo Caldas",
      "lastModifiedDate": "2025-10-05T02:21:03.000Z",
      "manageableState": "installed",
      "namespacePrefix": "cldfs",
      "type": "CustomPermission"
    }
  ]
}