{
  "status": 0,
  "result": [
    {
      "createdById": "0055e000001r1GbAAI",
      "createdByName": "Gustavo Caldas",
      "createdDate": "2025-10-05T02:20:57.000Z",
      "fileName": "lwc/cldfs__setupTab",
      "fullName": "cldfs__setupTab",
      "id": "0RbDm000000ZxFgKAK",
      "lastModifiedById": "005Dm000004aoidIAA",
      "lastModifiedByName": "CloudFiles",
      "lastModifiedDate": "2026-02-02T11:08:32.000Z",
      "manageableState": "installed",
      "namespacePrefix": "cldfs",
      "type": "LightningComponentBundle"
    },
    {
      "createdById": "005Dm000004aoidIAA",
      "createdByName": "CloudFiles",
      "createdDate": "2026-02-02T11:08:33.000Z",
      "fileName": "lwc/cldfs__docSharingBrandingTab",
      "fullName": "cldfs__docSharingBrandingTab",
      "id": "0Rbfj000001gbfKCAQ",
      "lastModifiedById": "005Dm000004aoidIAA",
      "lastModifiedByName": "CloudFiles",
      "lastModifiedDate": "2026-02-02T11:08:33.000Z",
      "manageableState": "installed",
      "namespacePrefix": "cldfs",
      "type": "LightningComponentBundle"
    },
    {
      "createdById": "0055e000001r1GbAAI",
      "createdByName": "Gustavo Caldas",
      "createdDate": "2025-10-05T02:20:56.000Z",
      "fileName": "lwc/cldfs__connectCloudFiles",
      "fullName": "cldfs__connectCloudFiles",
      "id": "0RbDm000000ZxEdKAK",
      "lastModifiedById": "005Dm000004aoidIAA",
      "lastModifiedByName": "CloudFiles",
      "lastModifiedDate": "2026-02-02T11:08:30.000Z",
      "manageableState": "installed",
      "namespacePrefix": "cldfs",
      "type": "LightningComponentBundle"
    },
    {
      "createdById": "0055e000001r1GbAAI",
      "createdByName": "Gustavo Caldas",
      "createdDate": "2021-06-25T17:57:35.000Z",
      "fileName": "lwc/accountCreateLWC",
      "fullName": "accountCreateLWC",
      "id": "0Rb5e000001IK77CAG",
      "lastModifiedById": "0055e000001r1GbAAI",
      "lastModifiedByName": "Gustavo Caldas",
      "lastModifiedDate": "2021-06-29T15:01:55.000Z",
      "manageableState": "unmanaged",
      "type": "LightningComponentBundle"
    },
    {
      "createdById": "0055e000001r1GbAAI",
      "createdByName": "Gustavo Caldas",
      "createdDate": "2025-10-05T02:20:56.000Z",
      "fileName": "lwc/cldfs__renameModal",
      "fullName": "cldfs__renameModal",
      "id": "0RbDm000000ZxFVKA0",
      "lastModifiedById": "005Dm000004aoidIAA",
      "lastModifiedByName": "CloudFiles",
      "lastModifiedDate": "2026-02-02T11:08:32.000Z",
      "manageableState": "installed",
      "namespacePrefix": "cldfs",
      "type": "LightningComponentBundle"
    },
    {
      "createdById": "0055e000001r1GbAAI",
      "createdByName": "Gustavo Caldas",
      "createdDate": "2025-10-05T02:20:56.000Z",
      "fileName": "lwc/cldfs__docgenWidget",
      "fullName": "cldfs__docgenWidget",
      "id": "0RbDm000000ZxEsKAK",
      "lastModifiedById": "005Dm000004aoidIAA",
      "lastModifiedByName": "CloudFiles",
      "lastModifiedDate": "2026-02-02T11:08:30.000Z",
      "manageableState": "installed",
      "namespacePrefix": "cldfs",
      "type": "LightningComponentBundle"
    },
    {
      "createdById": "0055e000001r1GbAAI",
      "createdByName": "Gustavo Caldas",
      "createdDate": "2025-10-05T02:20:56.000Z",
      "fileName": "lwc/cldfs__moveModal",
      "fullName": "cldfs__moveModal",
      "id": "0RbDm000000ZxFPKA0",
      "lastModifiedById": "005Dm000004aoidIAA",
      "lastModifiedByName": "CloudFiles",
      "lastModifiedDate": "2026-02-02T11:08:31.000Z",
      "manageableState": "installed",
      "namespacePrefix": "cldfs",
      "type": "LightningComponentBundle"
    },
    {
      "createdById": "0055e000001r1GbAAI",
      "createdByName": "Gustavo Caldas",
      "createdDate": "2025-10-05T02:20:56.000Z",
      "fileName": "lwc/cldfs__analyticsButton",
      "fullName": "cldfs__analyticsButton",
      "id": "0RbDm000000ZxECKA0",
      "lastModifiedById": "005Dm000004aoidIAA",
      "lastModifiedByName": "CloudFiles",
      "lastModifiedDate": "2026-02-02T11:08:29.000Z",
      "manageableState": "installed",
      "namespacePrefix": "cldfs",
      "type": "LightningComponentBundle"
    },
    {
      "createdById": "0055e000001r1GbAAI",
      "createdByName": "Gustavo Caldas",
      "createdDate": "2025-10-05T02:20:56.000Z",
      "fileName": "lwc/cldfs__cards",
      "fullName": "cldfs__cards",
      "id": "0RbDm000000ZxEKKA0",
      "lastModifiedById": "005Dm000004aoidIAA",
      "lastModifiedByName": "CloudFiles",
      "lastModifiedDate": "2026-02-02T11:08:29.000Z",
      "manageableState": "installed",
      "namespacePrefix": "cldfs",
      "type": "LightningComponentBundle"
    },
    {
      "createdById": "0055e000001r1GbAAI",
      "createdByName": "Gustavo Caldas",
      "createdDate": "2025-10-05T02:20:57.000Z",
      "fileName": "lwc/cldfs__widgetConfigurationCustomActions",
      "fullName": "cldfs__widgetConfigurationCustomActions",
      "id": "0RbDm000000ZxG3KAK",
      "lastModifiedById": "005Dm000004aoidIAA",
      "lastModifiedByName": "CloudFiles",
      "lastModifiedDate": "2026-02-02T11:08:32.000Z",
      "manageableState": "installed",
      "namespacePrefix": "cldfs",
      "type": "LightningComponentBundle"
    },
    {
      "createdById": "005Dm000004aoidIAA",
      "createdByName": "CloudFiles",
      "createdDate": "2026-02-02T11:08:33.000Z",
      "fileName": "lwc/cldfs__docSharingCompliancesTab",
      "fullName": "cldfs__docSharingCompliancesTab",
      "id": "0Rbfj000001gbfLCAQ",
      "lastModifiedById": "005Dm000004aoidIAA",
      "lastModifiedByName": "CloudFiles",
      "lastModifiedDate": "2026-02-02T11:08:33.000Z",
      "manageableState": "installed",
      "namespacePrefix": "cldfs",
      "type": "LightningComponentBundle"
    },
    {
      "createdById": "0055e000001r1GbAAI",
      "createdByName": "Gustavo Caldas",
      "createdDate": "2025-10-05T02:20:56.000Z",
      "fileName": "lwc/cldfs__flowCombobox",
      "fullName": "cldfs__flowCombobox",
      "id": "0RbDm000000ZxF7KAK",
      "lastModifiedById": "005Dm000004aoidIAA",
      "lastModifiedByName": "CloudFiles",
      "lastModifiedDate": "2026-02-02T11:08:31.000Z",
      "manageableState": "installed",
      "namespacePrefix": "cldfs",
      "type": "LightningComponentBundle"
    },
    {
      "createdById": "005Dm000004aoidIAA",
      "createdByName": "CloudFiles",
      "createdDate": "2025-11-10T08:57:44.000Z",
      "fileName": "lwc/cldfs__documentMapper",
      "fullName": "cldfs__documentMapper",
      "id": "0RbDm000000ZxUgKAK",
      "lastModifiedById": "005Dm000004aoidIAA",
      "lastModifiedByName": "CloudFiles",
      "lastModifiedDate": "2026-02-02T11:08:31.000Z",
      "manageableState": "installed",
      "namespacePrefix": "cldfs",
      "type": "LightningComponentBundle"
    },
    {
      "createdById": "0055e000001r1GbAAI",
      "createdByName": "Gustavo Caldas",
      "createdDate": "2025-10-05T02:20:56.000Z",
      "fileName": "lwc/cldfs__cfAccordionSection",
      "fullName": "cldfs__cfAccordionSection",
      "id": "0RbDm000000ZxEMKA0",
      "lastModifiedById": "005Dm000004aoidIAA",
      "lastModifiedByName": "CloudFiles",
      "lastModifiedDate": "2026-02-02T11:08:29.000Z",
      "manageableState": "installed",
      "namespacePrefix": "cldfs",
      "type": "LightningComponentBundle"
    },
    {
      "createdById": "0055e000001r1GbAAI",
      "createdByName": "Gustavo Caldas",
      "createdDate": "2025-10-05T02:20:56.000Z",
      "fileName": "lwc/cldfs__multiSelectPickList",
      "fullName": "cldfs__multiSelectPickList",
      "id": "0RbDm000000ZxFQKA0",
      "lastModifiedById": "005Dm000004aoidIAA",
      "lastModifiedByName": "CloudFiles",
      "lastModifiedDate": "2026-02-02T11:08:31.000Z",
      "manageableState": "installed",
      "namespacePrefix": "cldfs",
      "type": "LightningComponentBundle"
    },
    {
      "createdById": "0055e000001r1GbAAI",
      "createdByName": "Gustavo Caldas",
      "createdDate": "2021-06-30T15:21:07.000Z",
      "fileName": "lwc/deleteImovel",
      "fullName": "deleteImovel",
      "id": "0Rb5e000001IYnRCAW",
      "lastModifiedById": "0055e000001r1GbAAI",
      "lastModifiedByName": "Gustavo Caldas",
      "lastModifiedDate": "2021-06-30T15:51:23.000Z",
      "manageableState": "unmanaged",
      "type": "LightningComponentBundle"
    },
    {
      "createdById": "0055e000001r1GbAAI",
      "createdByName": "Gustavo Caldas",
      "createdDate": "2025-10-05T02:20:56.000Z",
      "fileName": "lwc/cldfs__conflictRadioGroup",
      "fullName": "cldfs__conflictRadioGroup",
      "id": "0RbDm000000ZxEcKAK",
      "lastModifiedById": "005Dm000004aoidIAA",
      "lastModifiedByName": "CloudFiles",
      "lastModifiedDate": "2026-02-02T11:08:30.000Z",
      "manageableState": "installed",
      "namespacePrefix": "cldfs",
      "type": "LightningComponentBundle"
    },
    {
      "createdById": "0055e000001r1GbAAI",
      "createdByName": "Gustavo Caldas",
      "createdDate": "2025-10-05T02:20:56.000Z",
      "fileName": "lwc/cldfs__documentManagementSettings",
      "fullName": "cldfs__documentManagementSettings",
      "id": "0RbDm000000ZxEzKAK",
      "lastModifiedById": "005Dm000004aoidIAA",
      "lastModifiedByName": "CloudFiles",
      "lastModifiedDate": "2026-02-02T11:08:31.000Z",
      "manageableState": "installed",
      "namespacePrefix": "cldfs",
      "type": "LightningComponentBundle"
    },
    {
      "createdById": "0055e000001r1GbAAI",
      "createdByName": "Gustavo Caldas",
      "createdDate": "2025-10-05T02:20:56.000Z",
      "fileName": "lwc/cldfs__cfCallout",
      "fullName": "cldfs__cfCallout",
      "id": "0RbDm000000ZxEOKA0",
      "lastModifiedById": "005Dm000004aoidIAA",
      "lastModifiedByName": "CloudFiles",
      "lastModifiedDate": "2026-02-02T11:08:30.000Z",
      "manageableState": "installed",
      "namespacePrefix": "cldfs",
      "type": "LightningComponentBundle"
    },
    {
      "createdById": "0055e000001r1GbAAI",
      "createdByName": "Gustavo Caldas",
      "createdDate": "2025-10-05T02:20:56.000Z",
      "fileName": "lwc/cldfs__linkDefaults",
      "fullName": "cldfs__linkDefaults",
      "id": "0RbDm000000ZxFKKA0",
      "lastModifiedById": "005Dm000004aoidIAA",
      "lastModifiedByName": "CloudFiles",
      "lastModifiedDate": "2025-11-10T08:57:44.000Z",
      "manageableState": "installed",
      "namespacePrefix": "cldfs",
      "type": "LightningComponentBundle"
    },
    {
      "createdById": "0055e000001r1GbAAI",
      "createdByName": "Gustavo Caldas",
      "createdDate": "2025-10-05T02:20:56.000Z",
      "fileName": "lwc/cldfs__configureColumns",
      "fullName": "cldfs__configureColumns",
      "id": "0RbDm000000ZxEYKA0",
      "lastModifiedById": "005Dm000004aoidIAA",
      "lastModifiedByName": "CloudFiles",
      "lastModifiedDate": "2026-02-02T11:08:30.000Z",
      "manageableState": "installed",
      "namespacePrefix": "cldfs",
      "type": "LightningComponentBundle"
    },
    {
      "createdById": "005Dm000004aoidIAA",
      "createdByName": "CloudFiles",
      "createdDate": "2026-02-02T11:08:33.000Z",
      "fileName": "lwc/cldfs__docSharingViewerCustomizationTab",
      "fullName": "cldfs__docSharingViewerCustomizationTab",
      "id": "0Rbfj000001gbfNCAQ",
      "lastModifiedById": "005Dm000004aoidIAA",
      "lastModifiedByName": "CloudFiles",
      "lastModifiedDate": "2026-02-02T11:08:33.000Z",
      "manageableState": "installed",
      "namespacePrefix": "cldfs",
      "type": "LightningComponentBundle"
    },
    {
      "createdById": "0055e000001r1GbAAI",
      "createdByName": "Gustavo Caldas",
      "createdDate": "2021-07-02T12:48:26.000Z",
      "fileName": "lwc/gridTest",
      "fullName": "gridTest",
      "id": "0Rb5e000001IhH1CAK",
      "lastModifiedById": "0055e000001r1GbAAI",
      "lastModifiedByName": "Gustavo Caldas",
      "lastModifiedDate": "2021-07-02T13:08:18.000Z",
      "manageableState": "unmanaged",
      "type": "LightningComponentBundle"
    },
    {
      "createdById": "0055e000001r1GbAAI",
      "createdByName": "Gustavo Caldas",
      "createdDate": "2025-10-05T02:20:57.000Z",
      "fileName": "lwc/cldfs__uploadModal",
      "fullName": "cldfs__uploadModal",
      "id": "0RbDm000000ZxFsKAK",
      "lastModifiedById": "005Dm000004aoidIAA",
      "lastModifiedByName": "CloudFiles",
      "lastModifiedDate": "2026-02-02T11:08:32.000Z",
      "manageableState": "installed",
      "namespacePrefix": "cldfs",
      "type": "LightningComponentBundle"
    },
    {
      "createdById": "0055e000001r1GbAAI",
      "createdByName": "Gustavo Caldas",
      "createdDate": "2025-10-05T02:20:56.000Z",
      "fileName": "lwc/cldfs__analyticsHeader",
      "fullName": "cldfs__analyticsHeader",
      "id": "0RbDm000000ZxEDKA0",
      "lastModifiedById": "005Dm000004aoidIAA",
      "lastModifiedByName": "CloudFiles",
      "lastModifiedDate": "2026-02-02T11:08:29.000Z",
      "manageableState": "installed",
      "namespacePrefix": "cldfs",
      "type": "LightningComponentBundle"
    },
    {
      "createdById": "0055e000001r1GbAAI",
      "createdByName": "Gustavo Caldas",
      "createdDate": "2021-06-29T18:58:53.000Z",
      "fileName": "lwc/pesquisarImovel",
      "fullName": "pesquisarImovel",
      "id": "0Rb5e000001IVDJCA4",
      "lastModifiedById": "0055e000001r1GbAAI",
      "lastModifiedByName": "Gustavo Caldas",
      "lastModifiedDate": "2021-07-06T15:26:30.000Z",
      "manageableState": "unmanaged",
      "type": "LightningComponentBundle"
    },
    {
      "createdById": "0055e000001r1GbAAI",
      "createdByName": "Gustavo Caldas",
      "createdDate": "2025-10-05T02:20:56.000Z",
      "fileName": "lwc/cldfs__docGenEditModal",
      "fullName": "cldfs__docGenEditModal",
      "id": "0RbDm000000ZxErKAK",
      "lastModifiedById": "005Dm000004aoidIAA",
      "lastModifiedByName": "CloudFiles",
      "lastModifiedDate": "2026-02-02T11:08:30.000Z",
      "manageableState": "installed",
      "namespacePrefix": "cldfs",
      "type": "LightningComponentBundle"
    },
    {
      "createdById": "0055e000001r1GbAAI",
      "createdByName": "Gustavo Caldas",
      "createdDate": "2025-10-05T02:20:56.000Z",
      "fileName": "lwc/cldfs__flowManager",
      "fullName": "cldfs__flowManager",
      "id": "0RbDm000000ZxF8KAK",
      "lastModifiedById": "005Dm000004aoidIAA",
      "lastModifiedByName": "CloudFiles",
      "lastModifiedDate": "2026-02-02T11:08:31.000Z",
      "manageableState": "installed",
      "namespacePrefix": "cldfs",
      "type": "LightningComponentBundle"
    },
    {
      "createdById": "0055e000001r1GbAAI",
      "createdByName": "Gustavo Caldas",
      "createdDate": "2025-10-05T02:20:56.000Z",
      "fileName": "lwc/cldfs__sessionAnalytics",
      "fullName": "cldfs__sessionAnalytics",
      "id": "0RbDm000000ZxFXKA0",
      "lastModifiedById": "005Dm000004aoidIAA",
      "lastModifiedByName": "CloudFiles",
      "lastModifiedDate": "2026-02-02T11:08:32.000Z",
      "manageableState": "installed",
      "namespacePrefix": "cldfs",
      "type": "LightningComponentBundle"
    },
    {
      "createdById": "0055e000001r1GbAAI",
      "createdByName": "Gustavo Caldas",
      "createdDate": "2025-10-05T02:20:56.000Z",
      "fileName": "lwc/cldfs__docAiPlayground",
      "fullName": "cldfs__docAiPlayground",
      "id": "0RbDm000000ZxEpKAK",
      "lastModifiedById": "005Dm000004aoidIAA",
      "lastModifiedByName": "CloudFiles",
      "lastModifiedDate": "2026-02-02T11:08:30.000Z",
      "manageableState": "installed",
      "namespacePrefix": "cldfs",
      "type": "LightningComponentBundle"
    },
    {
      "createdById": "0055e000001r1GbAAI",
      "createdByName": "Gustavo Caldas",
      "createdDate": "2025-10-05T02:20:57.000Z",
      "fileName": "lwc/cldfs__viewAnalytics",
      "fullName": "cldfs__viewAnalytics",
      "id": "0RbDm000000ZxFxKAK",
      "lastModifiedById": "005Dm000004aoidIAA",
      "lastModifiedByName": "CloudFiles",
      "lastModifiedDate": "2026-02-02T11:08:32.000Z",
      "manageableState": "installed",
      "namespacePrefix": "cldfs",
      "type": "LightningComponentBundle"
    },
    {
      "createdById": "0055e000001r1GbAAI",
      "createdByName": "Gustavo Caldas",
      "createdDate": "2025-10-05T02:20:56.000Z",
      "fileName": "lwc/cldfs__library",
      "fullName": "cldfs__library",
      "id": "0RbDm000000ZxFCKA0",
      "lastModifiedById": "005Dm000004aoidIAA",
      "lastModifiedByName": "CloudFiles",
      "lastModifiedDate": "2026-02-02T11:08:31.000Z",
      "manageableState": "installed",
      "namespacePrefix": "cldfs",
      "type": "LightningComponentBundle"
    },
    {
      "createdById": "0055e000001r1GbAAI",
      "createdByName": "Gustavo Caldas",
      "createdDate": "2025-10-05T02:20:56.000Z",
      "fileName": "lwc/cldfs__branding",
      "fullName": "cldfs__branding",
      "id": "0RbDm000000ZxEIKA0",
      "lastModifiedById": "005Dm000004aoidIAA",
      "lastModifiedByName": "CloudFiles",
      "lastModifiedDate": "2025-11-10T08:57:42.000Z",
      "manageableState": "installed",
      "namespacePrefix": "cldfs",
      "type": "LightningComponentBundle"
    },
    {
      "createdById": "0055e000001r1GbAAI",
      "createdByName": "Gustavo Caldas",
      "createdDate": "2025-10-05T02:20:56.000Z",
      "fileName": "lwc/cldfs__deleteTemplateModal",
      "fullName": "cldfs__deleteTemplateModal",
      "id": "0RbDm000000ZxEoKAK",
      "lastModifiedById": "005Dm000004aoidIAA",
      "lastModifiedByName": "CloudFiles",
      "lastModifiedDate": "2026-02-02T11:08:30.000Z",
      "manageableState": "installed",
      "namespacePrefix": "cldfs",
      "type": "LightningComponentBundle"
    },
    {
      "createdById": "0055e000001r1GbAAI",
      "createdByName": "Gustavo Caldas",
      "createdDate": "2026-02-07T00:48:30.000Z",
      "fileName": "lwc/applicationHomeScreen",
      "fullName": "applicationHomeScreen",
      "id": "0Rbfj000001kZJxCAM",
      "lastModifiedById": "0055e000001r1GbAAI",
      "lastModifiedByName": "Gustavo Caldas",
      "lastModifiedDate": "2026-02-07T03:05:07.000Z",
      "manageableState": "unmanaged",
      "type": "LightningComponentBundle"
    },
    {
      "createdById": "0055e000001r1GbAAI",
      "createdByName": "Gustavo Caldas",
      "createdDate": "2025-10-05T02:20:56.000Z",
      "fileName": "lwc/cldfs__settingsAccount",
      "fullName": "cldfs__settingsAccount",
      "id": "0RbDm000000ZxFZKA0",
      "lastModifiedById": "005Dm000004aoidIAA",
      "lastModifiedByName": "CloudFiles",
      "lastModifiedDate": "2026-02-02T11:08:32.000Z",
      "manageableState": "installed",
      "namespacePrefix": "cldfs",
      "type": "LightningComponentBundle"
    },
    {
      "createdById": "0055e000001r1GbAAI",
      "createdByName": "Gustavo Caldas",
      "createdDate": "2025-10-05T02:20:57.000Z",
      "fileName": "lwc/cldfs__shareModal",
      "fullName": "cldfs__shareModal",
      "id": "0RbDm000000ZxFiKAK",
      "lastModifiedById": "005Dm000004aoidIAA",
      "lastModifiedByName": "CloudFiles",
      "lastModifiedDate": "2026-02-02T11:08:32.000Z",
      "manageableState": "installed",
      "namespacePrefix": "cldfs",
      "type": "LightningComponentBundle"
    },
    {
      "createdById": "0055e000001r1GbAAI",
      "createdByName": "Gustavo Caldas",
      "createdDate": "2025-10-05T02:20:56.000Z",
      "fileName": "lwc/cldfs__documentSharing",
      "fullName": "cldfs__documentSharing",
      "id": "0RbDm000000ZxF1KAK",
      "lastModifiedById": "005Dm000004aoidIAA",
      "lastModifiedByName": "CloudFiles",
      "lastModifiedDate": "2026-02-02T11:08:31.000Z",
      "manageableState": "installed",
      "namespacePrefix": "cldfs",
      "type": "LightningComponentBundle"
    },
    {
      "createdById": "005Dm000004aoidIAA",
      "createdByName": "CloudFiles",
      "createdDate": "2026-02-02T11:08:33.000Z",
      "fileName": "lwc/cldfs__publicLinkModal",
      "fullName": "cldfs__publicLinkModal",
      "id": "0Rbfj000001gbfOCAQ",
      "lastModifiedById": "005Dm000004aoidIAA",
      "lastModifiedByName": "CloudFiles",
      "lastModifiedDate": "2026-02-02T11:08:33.000Z",
      "manageableState": "installed",
      "namespacePrefix": "cldfs",
      "type": "LightningComponentBundle"
    },
    {
      "createdById": "0055e000001r1GbAAI",
      "createdByName": "Gustavo Caldas",
      "createdDate": "2026-02-06T23:05:13.000Z",
      "fileName": "lwc/formCompanyScreen",
      "fullName": "formCompanyScreen",
      "id": "0Rbfj000001kY69CAE",
      "lastModifiedById": "0055e000001r1GbAAI",
      "lastModifiedByName": "Gustavo Caldas",
      "lastModifiedDate": "2026-02-06T23:36:31.000Z",
      "manageableState": "unmanaged",
      "type": "LightningComponentBundle"
    },
    {
      "createdById": "005Dm000004aoidIAA",
      "createdByName": "CloudFiles",
      "createdDate": "2026-02-02T11:08:33.000Z",
      "fileName": "lwc/cldfs__communitySharingModal",
      "fullName": "cldfs__communitySharingModal",
      "id": "0Rbfj000001gbfJCAQ",
      "lastModifiedById": "005Dm000004aoidIAA",
      "lastModifiedByName": "CloudFiles",
      "lastModifiedDate": "2026-02-02T11:08:33.000Z",
      "manageableState": "installed",
      "namespacePrefix": "cldfs",
      "type": "LightningComponentBundle"
    },
    {
      "createdById": "0055e000001r1GbAAI",
      "createdByName": "Gustavo Caldas",
      "createdDate": "2026-02-06T22:45:21.000Z",
      "fileName": "lwc/homeScreen",
      "fullName": "homeScreen",
      "id": "0Rbfj000001kXhxCAE",
      "lastModifiedById": "0055e000001r1GbAAI",
      "lastModifiedByName": "Gustavo Caldas",
      "lastModifiedDate": "2026-02-07T00:48:04.000Z",
      "manageableState": "unmanaged",
      "type": "LightningComponentBundle"
    },
    {
      "createdById": "0055e000001r1GbAAI",
      "createdByName": "Gustavo Caldas",
      "createdDate": "2025-10-05T02:20:56.000Z",
      "fileName": "lwc/cldfs__contentTileView",
      "fullName": "cldfs__contentTileView",
      "id": "0RbDm000000ZxEjKAK",
      "lastModifiedById": "005Dm000004aoidIAA",
      "lastModifiedByName": "CloudFiles",
      "lastModifiedDate": "2026-02-02T11:08:30.000Z",
      "manageableState": "installed",
      "namespacePrefix": "cldfs",
      "type": "LightningComponentBundle"
    },
    {
      "createdById": "0055e000001r1GbAAI",
      "createdByName": "Gustavo Caldas",
      "createdDate": "2025-10-05T02:20:56.000Z",
      "fileName": "lwc/cldfs__cloudFilesUploader",
      "fullName": "cldfs__cloudFilesUploader",
      "id": "0RbDm000000ZxEWKA0",
      "lastModifiedById": "005Dm000004aoidIAA",
      "lastModifiedByName": "CloudFiles",
      "lastModifiedDate": "2026-02-02T11:08:30.000Z",
      "manageableState": "installed",
      "namespacePrefix": "cldfs",
      "type": "LightningComponentBundle"
    },
    {
      "createdById": "0055e000001r1GbAAI",
      "createdByName": "Gustavo Caldas",
      "createdDate": "2025-10-05T02:20:56.000Z",
      "fileName": "lwc/cldfs__cfFilesDropzone",
      "fullName": "cldfs__cfFilesDropzone",
      "id": "0RbDm000000ZxEQKA0",
      "lastModifiedById": "005Dm000004aoidIAA",
      "lastModifiedByName": "CloudFiles",
      "lastModifiedDate": "2026-02-02T11:08:30.000Z",
      "manageableState": "installed",
      "namespacePrefix": "cldfs",
      "type": "LightningComponentBundle"
    },
    {
      "createdById": "0055e000001r1GbAAI",
      "createdByName": "Gustavo Caldas",
      "createdDate": "2025-10-05T02:20:56.000Z",
      "fileName": "lwc/cldfs__communityAttachments",
      "fullName": "cldfs__communityAttachments",
      "id": "0RbDm000000ZxEXKA0",
      "lastModifiedById": "005Dm000004aoidIAA",
      "lastModifiedByName": "CloudFiles",
      "lastModifiedDate": "2026-02-02T11:08:30.000Z",
      "manageableState": "installed",
      "namespacePrefix": "cldfs",
      "type": "LightningComponentBundle"
    },
    {
      "createdById": "0055e000001r1GbAAI",
      "createdByName": "Gustavo Caldas",
      "createdDate": "2025-10-05T02:20:56.000Z",
      "fileName": "lwc/cldfs__cfAccordionUtilsPrivate",
      "fullName": "cldfs__cfAccordionUtilsPrivate",
      "id": "0RbDm000000ZxENKA0",
      "lastModifiedById": "005Dm000004aoidIAA",
      "lastModifiedByName": "CloudFiles",
      "lastModifiedDate": "2026-02-02T11:08:29.000Z",
      "manageableState": "installed",
      "namespacePrefix": "cldfs",
      "type": "LightningComponentBundle"
    },
    {
      "createdById": "0055e000001r1GbAAI",
      "createdByName": "Gustavo Caldas",
      "createdDate": "2025-10-05T02:20:56.000Z",
      "fileName": "lwc/cldfs__previewModal",
      "fullName": "cldfs__previewModal",
      "id": "0RbDm000000ZxFTKA0",
      "lastModifiedById": "005Dm000004aoidIAA",
      "lastModifiedByName": "CloudFiles",
      "lastModifiedDate": "2026-02-02T11:08:31.000Z",
      "manageableState": "installed",
      "namespacePrefix": "cldfs",
      "type": "LightningComponentBundle"
    },
    {
      "createdById": "0055e000001r1GbAAI",
      "createdByName": "Gustavo Caldas",
      "createdDate": "2025-10-05T02:20:56.000Z",
      "fileName": "lwc/cldfs__documentGenerationUsage",
      "fullName": "cldfs__documentGenerationUsage",
      "id": "0RbDm000000ZxEyKAK",
      "lastModifiedById": "005Dm000004aoidIAA",
      "lastModifiedByName": "CloudFiles",
      "lastModifiedDate": "2026-02-02T11:08:31.000Z",
      "manageableState": "installed",
      "namespacePrefix": "cldfs",
      "type": "LightningComponentBundle"
    },
    {
      "createdById": "0055e000001r1GbAAI",
      "createdByName": "Gustavo Caldas",
      "createdDate": "2025-10-05T02:20:56.000Z",
      "fileName": "lwc/cldfs__documentGenerationIntegrations",
      "fullName": "cldfs__documentGenerationIntegrations",
      "id": "0RbDm000000ZxExKAK",
      "lastModifiedById": "005Dm000004aoidIAA",
      "lastModifiedByName": "CloudFiles",
      "lastModifiedDate": "2026-02-02T11:08:31.000Z",
      "manageableState": "installed",
      "namespacePrefix": "cldfs",
      "type": "LightningComponentBundle"
    },
    {
      "createdById": "0055e000001r1GbAAI",
      "createdByName": "Gustavo Caldas",
      "createdDate": "2025-10-05T02:20:57.000Z",
      "fileName": "lwc/cldfs__settingsTabDocGen",
      "fullName": "cldfs__settingsTabDocGen",
      "id": "0RbDm000000ZxFbKAK",
      "lastModifiedById": "005Dm000004aoidIAA",
      "lastModifiedByName": "CloudFiles",
      "lastModifiedDate": "2026-02-02T11:08:32.000Z",
      "manageableState": "installed",
      "namespacePrefix": "cldfs",
      "type": "LightningComponentBundle"
    },
    {
      "createdById": "0055e000001r1GbAAI",
      "createdByName": "Gustavo Caldas",
      "createdDate": "2025-10-05T02:20:56.000Z",
      "fileName": "lwc/cldfs__setResourcePropertyActionCPE",
      "fullName": "cldfs__setResourcePropertyActionCPE",
      "id": "0RbDm000000ZxFYKA0",
      "lastModifiedById": "005Dm000004aoidIAA",
      "lastModifiedByName": "CloudFiles",
      "lastModifiedDate": "2026-02-02T11:08:32.000Z",
      "manageableState": "installed",
      "namespacePrefix": "cldfs",
      "type": "LightningComponentBundle"
    },
    {
      "createdById": "0055e000001r1GbAAI",
      "createdByName": "Gustavo Caldas",
      "createdDate": "2025-10-05T02:20:57.000Z",
      "fileName": "lwc/cldfs__widgetConfigurationCard",
      "fullName": "cldfs__widgetConfigurationCard",
      "id": "0RbDm000000ZxG2KAK",
      "lastModifiedById": "005Dm000004aoidIAA",
      "lastModifiedByName": "CloudFiles",
      "lastModifiedDate": "2026-02-02T11:08:32.000Z",
      "manageableState": "installed",
      "namespacePrefix": "cldfs",
      "type": "LightningComponentBundle"
    },
    {
      "createdById": "0055e000001r1GbAAI",
      "createdByName": "Gustavo Caldas",
      "createdDate": "2025-10-05T02:20:56.000Z",
      "fileName": "lwc/cldfs__copyConfigId",
      "fullName": "cldfs__copyConfigId",
      "id": "0RbDm000000ZxEkKAK",
      "lastModifiedById": "005Dm000004aoidIAA",
      "lastModifiedByName": "CloudFiles",
      "lastModifiedDate": "2026-02-02T11:08:30.000Z",
      "manageableState": "installed",
      "namespacePrefix": "cldfs",
      "type": "LightningComponentBundle"
    },
    {
      "createdById": "0055e000001r1GbAAI",
      "createdByName": "Gustavo Caldas",
      "createdDate": "2025-10-05T02:20:56.000Z",
      "fileName": "lwc/cldfs__productTrial",
      "fullName": "cldfs__productTrial",
      "id": "0RbDm000000ZxFUKA0",
      "lastModifiedById": "005Dm000004aoidIAA",
      "lastModifiedByName": "CloudFiles",
      "lastModifiedDate": "2026-02-02T11:08:31.000Z",
      "manageableState": "installed",
      "namespacePrefix": "cldfs",
      "type": "LightningComponentBundle"
    },
    {
      "createdById": "0055e000001r1GbAAI",
      "createdByName": "Gustavo Caldas",
      "createdDate": "2025-10-05T02:20:56.000Z",
      "fileName": "lwc/cldfs__docgenWidgetItem",
      "fullName": "cldfs__docgenWidgetItem",
      "id": "0RbDm000000ZxEtKAK",
      "lastModifiedById": "005Dm000004aoidIAA",
      "lastModifiedByName": "CloudFiles",
      "lastModifiedDate": "2026-02-02T11:08:30.000Z",
      "manageableState": "installed",
      "namespacePrefix": "cldfs",
      "type": "LightningComponentBundle"
    },
    {
      "createdById": "0055e000001r1GbAAI",
      "createdByName": "Gustavo Caldas",
      "createdDate": "2025-10-05T02:20:56.000Z",
      "fileName": "lwc/cldfs__newFolderModal",
      "fullName": "cldfs__newFolderModal",
      "id": "0RbDm000000ZxFRKA0",
      "lastModifiedById": "005Dm000004aoidIAA",
      "lastModifiedByName": "CloudFiles",
      "lastModifiedDate": "2026-02-02T11:08:31.000Z",
      "manageableState": "installed",
      "namespacePrefix": "cldfs",
      "type": "LightningComponentBundle"
    },
    {
      "createdById": "0055e000001r1GbAAI",
      "createdByName": "Gustavo Caldas",
      "createdDate": "2025-10-05T02:20:57.000Z",
      "fileName": "lwc/cldfs__uploadFilesButton",
      "fullName": "cldfs__uploadFilesButton",
      "id": "0RbDm000000ZxFrKAK",
      "lastModifiedById": "005Dm000004aoidIAA",
      "lastModifiedByName": "CloudFiles",
      "lastModifiedDate": "2026-02-02T11:08:32.000Z",
      "manageableState": "installed",
      "namespacePrefix": "cldfs",
      "type": "LightningComponentBundle"
    },
    {
      "createdById": "0055e000001r1GbAAI",
      "createdByName": "Gustavo Caldas",
      "createdDate": "2025-10-05T02:20:56.000Z",
      "fileName": "lwc/cldfs__cfAccordion",
      "fullName": "cldfs__cfAccordion",
      "id": "0RbDm000000ZxELKA0",
      "lastModifiedById": "005Dm000004aoidIAA",
      "lastModifiedByName": "CloudFiles",
      "lastModifiedDate": "2026-02-02T11:08:29.000Z",
      "manageableState": "installed",
      "namespacePrefix": "cldfs",
      "type": "LightningComponentBundle"
    },
    {
      "createdById": "0055e000001r1GbAAI",
      "createdByName": "Gustavo Caldas",
      "createdDate": "2021-06-29T17:55:06.000Z",
      "fileName": "lwc/recordEditForm",
      "fullName": "recordEditForm",
      "id": "0Rb5e000001IV08CAG",
      "lastModifiedById": "0055e000001r1GbAAI",
      "lastModifiedByName": "Gustavo Caldas",
      "lastModifiedDate": "2021-06-29T18:28:45.000Z",
      "manageableState": "unmanaged",
      "type": "LightningComponentBundle"
    },
    {
      "createdById": "0055e000001r1GbAAI",
      "createdByName": "Gustavo Caldas",
      "createdDate": "2021-06-29T15:27:49.000Z",
      "fileName": "lwc/contactCreateLWC",
      "fullName": "contactCreateLWC",
      "id": "0Rb5e000001ITz0CAG",
      "lastModifiedById": "0055e000001r1GbAAI",
      "lastModifiedByName": "Gustavo Caldas",
      "lastModifiedDate": "2021-06-29T17:41:58.000Z",
      "manageableState": "unmanaged",
      "type": "LightningComponentBundle"
    },
    {
      "createdById": "0055e000001r1GbAAI",
      "createdByName": "Gustavo Caldas",
      "createdDate": "2025-10-05T02:20:56.000Z",
      "fileName": "lwc/cldfs__cfDatatable",
      "fullName": "cldfs__cfDatatable",
      "id": "0RbDm000000ZxEPKA0",
      "lastModifiedById": "005Dm000004aoidIAA",
      "lastModifiedByName": "CloudFiles",
      "lastModifiedDate": "2026-02-02T11:08:30.000Z",
      "manageableState": "installed",
      "namespacePrefix": "cldfs",
      "type": "LightningComponentBundle"
    },
    {
      "createdById": "0055e000001r1GbAAI",
      "createdByName": "Gustavo Caldas",
      "createdDate": "2025-10-05T02:20:56.000Z",
      "fileName": "lwc/cldfs__documentAiTab",
      "fullName": "cldfs__documentAiTab",
      "id": "0RbDm000000ZxEvKAK",
      "lastModifiedById": "005Dm000004aoidIAA",
      "lastModifiedByName": "CloudFiles",
      "lastModifiedDate": "2026-02-02T11:08:31.000Z",
      "manageableState": "installed",
      "namespacePrefix": "cldfs",
      "type": "LightningComponentBundle"
    },
    {
      "createdById": "0055e000001r1GbAAI",
      "createdByName": "Gustavo Caldas",
      "createdDate": "2025-10-05T02:20:56.000Z",
      "fileName": "lwc/cldfs__experienceCloud",
      "fullName": "cldfs__experienceCloud",
      "id": "0RbDm000000ZxF4KAK",
      "lastModifiedById": "005Dm000004aoidIAA",
      "lastModifiedByName": "CloudFiles",
      "lastModifiedDate": "2026-02-02T11:08:31.000Z",
      "manageableState": "installed",
      "namespacePrefix": "cldfs",
      "type": "LightningComponentBundle"
    },
    {
      "createdById": "0055e000001r1GbAAI",
      "createdByName": "Gustavo Caldas",
      "createdDate": "2025-10-05T02:20:57.000Z",
      "fileName": "lwc/cldfs__widgetColumnModal",
      "fullName": "cldfs__widgetColumnModal",
      "id": "0RbDm000000ZxG0KAK",
      "lastModifiedById": "005Dm000004aoidIAA",
      "lastModifiedByName": "CloudFiles",
      "lastModifiedDate": "2026-02-02T11:08:32.000Z",
      "manageableState": "installed",
      "namespacePrefix": "cldfs",
      "type": "LightningComponentBundle"
    },
    {
      "createdById": "0055e000001r1GbAAI",
      "createdByName": "Gustavo Caldas",
      "createdDate": "2025-10-05T02:20:57.000Z",
      "fileName": "lwc/cldfs__storageConfiguration",
      "fullName": "cldfs__storageConfiguration",
      "id": "0RbDm000000ZxFmKAK",
      "lastModifiedById": "005Dm000004aoidIAA",
      "lastModifiedByName": "CloudFiles",
      "lastModifiedDate": "2026-02-02T11:08:32.000Z",
      "manageableState": "installed",
      "namespacePrefix": "cldfs",
      "type": "LightningComponentBundle"
    },
    {
      "createdById": "0055e000001r1GbAAI",
      "createdByName": "Gustavo Caldas",
      "createdDate": "2025-10-05T02:20:56.000Z",
      "fileName": "lwc/cldfs__accountPlanBadge",
      "fullName": "cldfs__accountPlanBadge",
      "id": "0RbDm000000ZxE9KAK",
      "lastModifiedById": "005Dm000004aoidIAA",
      "lastModifiedByName": "CloudFiles",
      "lastModifiedDate": "2026-02-02T11:08:29.000Z",
      "manageableState": "installed",
      "namespacePrefix": "cldfs",
      "type": "LightningComponentBundle"
    },
    {
      "createdById": "0055e000001r1GbAAI",
      "createdByName": "Gustavo Caldas",
      "createdDate": "2025-10-05T02:20:57.000Z",
      "fileName": "lwc/cldfs__tabHome",
      "fullName": "cldfs__tabHome",
      "id": "0RbDm000000ZxFpKAK",
      "lastModifiedById": "005Dm000004aoidIAA",
      "lastModifiedByName": "CloudFiles",
      "lastModifiedDate": "2026-02-02T11:08:32.000Z",
      "manageableState": "installed",
      "namespacePrefix": "cldfs",
      "type": "LightningComponentBundle"
    },
    {
      "createdById": "0055e000001r1GbAAI",
      "createdByName": "Gustavo Caldas",
      "createdDate": "2021-07-06T18:37:44.000Z",
      "fileName": "lwc/listarContatos",
      "fullName": "listarContatos",
      "id": "0Rb5e000001IrNWCA0",
      "lastModifiedById": "0055e000001r1GbAAI",
      "lastModifiedByName": "Gustavo Caldas",
      "lastModifiedDate": "2021-07-07T14:24:16.000Z",
      "manageableState": "unmanaged",
      "type": "LightningComponentBundle"
    },
    {
      "createdById": "0055e000001r1GbAAI",
      "createdByName": "Gustavo Caldas",
      "createdDate": "2025-10-05T02:20:57.000Z",
      "fileName": "lwc/cldfs__widgetConfigurationList",
      "fullName": "cldfs__widgetConfigurationList",
      "id": "0RbDm000000ZxG4KAK",
      "lastModifiedById": "005Dm000004aoidIAA",
      "lastModifiedByName": "CloudFiles",
      "lastModifiedDate": "2026-02-02T11:08:32.000Z",
      "manageableState": "installed",
      "namespacePrefix": "cldfs",
      "type": "LightningComponentBundle"
    },
    {
      "createdById": "0055e000001r1GbAAI",
      "createdByName": "Gustavo Caldas",
      "createdDate": "2025-10-05T02:20:56.000Z",
      "fileName": "lwc/cldfs__createFolderAction",
      "fullName": "cldfs__createFolderAction",
      "id": "0RbDm000000ZxEmKAK",
      "lastModifiedById": "005Dm000004aoidIAA",
      "lastModifiedByName": "CloudFiles",
      "lastModifiedDate": "2026-02-02T11:08:30.000Z",
      "manageableState": "installed",
      "namespacePrefix": "cldfs",
      "type": "LightningComponentBundle"
    },
    {
      "createdById": "0055e000001r1GbAAI",
      "createdByName": "Gustavo Caldas",
      "createdDate": "2025-10-05T02:20:57.000Z",
      "fileName": "lwc/cldfs__setupCloudFiles",
      "fullName": "cldfs__setupCloudFiles",
      "id": "0RbDm000000ZxFcKAK",
      "lastModifiedById": "005Dm000004aoidIAA",
      "lastModifiedByName": "CloudFiles",
      "lastModifiedDate": "2026-02-02T11:08:32.000Z",
      "manageableState": "installed",
      "namespacePrefix": "cldfs",
      "type": "LightningComponentBundle"
    },
    {
      "createdById": "0055e000001r1GbAAI",
      "createdByName": "Gustavo Caldas",
      "createdDate": "2025-10-05T02:20:56.000Z",
      "fileName": "lwc/cldfs__connectStorageModal",
      "fullName": "cldfs__connectStorageModal",
      "id": "0RbDm000000ZxEgKAK",
      "lastModifiedById": "005Dm000004aoidIAA",
      "lastModifiedByName": "CloudFiles",
      "lastModifiedDate": "2026-02-02T11:08:30.000Z",
      "manageableState": "installed",
      "namespacePrefix": "cldfs",
      "type": "LightningComponentBundle"
    },
    {
      "createdById": "0055e000001r1GbAAI",
      "createdByName": "Gustavo Caldas",
      "createdDate": "2025-10-05T02:20:57.000Z",
      "fileName": "lwc/cldfs__widgetBasePath",
      "fullName": "cldfs__widgetBasePath",
      "id": "0RbDm000000ZxFyKAK",
      "lastModifiedById": "005Dm000004aoidIAA",
      "lastModifiedByName": "CloudFiles",
      "lastModifiedDate": "2026-02-02T11:08:32.000Z",
      "manageableState": "installed",
      "namespacePrefix": "cldfs",
      "type": "LightningComponentBundle"
    },
    {
      "createdById": "0055e000001r1GbAAI",
      "createdByName": "Gustavo Caldas",
      "createdDate": "2025-10-05T02:20:57.000Z",
      "fileName": "lwc/cldfs__tabDocumentManagement",
      "fullName": "cldfs__tabDocumentManagement",
      "id": "0RbDm000000ZxFoKAK",
      "lastModifiedById": "005Dm000004aoidIAA",
      "lastModifiedByName": "CloudFiles",
      "lastModifiedDate": "2026-02-02T11:08:32.000Z",
      "manageableState": "installed",
      "namespacePrefix": "cldfs",
      "type": "LightningComponentBundle"
    },
    {
      "createdById": "0055e000001r1GbAAI",
      "createdByName": "Gustavo Caldas",
      "createdDate": "2025-10-05T02:20:56.000Z",
      "fileName": "lwc/cldfs__automationActionsChart",
      "fullName": "cldfs__automationActionsChart",
      "id": "0RbDm000000ZxEHKA0",
      "lastModifiedById": "005Dm000004aoidIAA",
      "lastModifiedByName": "CloudFiles",
      "lastModifiedDate": "2026-02-02T11:08:29.000Z",
      "manageableState": "installed",
      "namespacePrefix": "cldfs",
      "type": "LightningComponentBundle"
    },
    {
      "createdById": "0055e000001r1GbAAI",
      "createdByName": "Gustavo Caldas",
      "createdDate": "2025-10-05T02:20:56.000Z",
      "fileName": "lwc/cldfs__analyticsBody",
      "fullName": "cldfs__analyticsBody",
      "id": "0RbDm000000ZxEBKA0",
      "lastModifiedById": "005Dm000004aoidIAA",
      "lastModifiedByName": "CloudFiles",
      "lastModifiedDate": "2026-02-02T11:08:29.000Z",
      "manageableState": "installed",
      "namespacePrefix": "cldfs",
      "type": "LightningComponentBundle"
    },
    {
      "createdById": "005Dm000004aoidIAA",
      "createdByName": "CloudFiles",
      "createdDate": "2025-11-10T08:57:44.000Z",
      "fileName": "lwc/cldfs__fieldMapper",
      "fullName": "cldfs__fieldMapper",
      "id": "0RbDm000000ZxUiKAK",
      "lastModifiedById": "005Dm000004aoidIAA",
      "lastModifiedByName": "CloudFiles",
      "lastModifiedDate": "2026-02-02T11:08:31.000Z",
      "manageableState": "installed",
      "namespacePrefix": "cldfs",
      "type": "LightningComponentBundle"
    },
    {
      "createdById": "0055e000001r1GbAAI",
      "createdByName": "Gustavo Caldas",
      "createdDate": "2025-10-05T02:20:56.000Z",
      "fileName": "lwc/cldfs__linkAnalytics",
      "fullName": "cldfs__linkAnalytics",
      "id": "0RbDm000000ZxFJKA0",
      "lastModifiedById": "005Dm000004aoidIAA",
      "lastModifiedByName": "CloudFiles",
      "lastModifiedDate": "2026-02-02T11:08:31.000Z",
      "manageableState": "installed",
      "namespacePrefix": "cldfs",
      "type": "LightningComponentBundle"
    },
    {
      "createdById": "0055e000001r1GbAAI",
      "createdByName": "Gustavo Caldas",
      "createdDate": "2026-02-07T00:47:23.000Z",
      "fileName": "lwc/applicationFormScreen",
      "fullName": "applicationFormScreen",
      "id": "0Rbfj000001kZILCA2",
      "lastModifiedById": "0055e000001r1GbAAI",
      "lastModifiedByName": "Gustavo Caldas",
      "lastModifiedDate": "2026-02-07T04:31:47.000Z",
      "manageableState": "unmanaged",
      "type": "LightningComponentBundle"
    },
    {
      "createdById": "0055e000001r1GbAAI",
      "createdByName": "Gustavo Caldas",
      "createdDate": "2025-10-05T02:20:57.000Z",
      "fileName": "lwc/cldfs__tabSettings",
      "fullName": "cldfs__tabSettings",
      "id": "0RbDm000000ZxFqKAK",
      "lastModifiedById": "005Dm000004aoidIAA",
      "lastModifiedByName": "CloudFiles",
      "lastModifiedDate": "2026-02-02T11:08:32.000Z",
      "manageableState": "installed",
      "namespacePrefix": "cldfs",
      "type": "LightningComponentBundle"
    },
    {
      "createdById": "0055e000001r1GbAAI",
      "createdByName": "Gustavo Caldas",
      "createdDate": "2025-10-05T02:20:56.000Z",
      "fileName": "lwc/cldfs__generateDocCPE",
      "fullName": "cldfs__generateDocCPE",
      "id": "0RbDm000000ZxF9KAK",
      "lastModifiedById": "005Dm000004aoidIAA",
      "lastModifiedByName": "CloudFiles",
      "lastModifiedDate": "2026-02-02T11:08:31.000Z",
      "manageableState": "installed",
      "namespacePrefix": "cldfs",
      "type": "LightningComponentBundle"
    },
    {
      "createdById": "0055e000001r1GbAAI",
      "createdByName": "Gustavo Caldas",
      "createdDate": "2025-10-05T02:20:57.000Z",
      "fileName": "lwc/cldfs__sitesList",
      "fullName": "cldfs__sitesList",
      "id": "0RbDm000000ZxFkKAK",
      "lastModifiedById": "005Dm000004aoidIAA",
      "lastModifiedByName": "CloudFiles",
      "lastModifiedDate": "2026-02-02T11:08:32.000Z",
      "manageableState": "installed",
      "namespacePrefix": "cldfs",
      "type": "LightningComponentBundle"
    },
    {
      "createdById": "0055e000001r1GbAAI",
      "createdByName": "Gustavo Caldas",
      "createdDate": "2025-10-05T02:20:56.000Z",
      "fileName": "lwc/cldfs__experienceCloudUsage",
      "fullName": "cldfs__experienceCloudUsage",
      "id": "0RbDm000000ZxF5KAK",
      "lastModifiedById": "005Dm000004aoidIAA",
      "lastModifiedByName": "CloudFiles",
      "lastModifiedDate": "2026-02-02T11:08:31.000Z",
      "manageableState": "installed",
      "namespacePrefix": "cldfs",
      "type": "LightningComponentBundle"
    },
    {
      "createdById": "0055e000001r1GbAAI",
      "createdByName": "Gustavo Caldas",
      "createdDate": "2025-10-05T02:20:57.000Z",
      "fileName": "lwc/cldfs__widgetConfigDatatable",
      "fullName": "cldfs__widgetConfigDatatable",
      "id": "0RbDm000000ZxG1KAK",
      "lastModifiedById": "005Dm000004aoidIAA",
      "lastModifiedByName": "CloudFiles",
      "lastModifiedDate": "2026-02-02T11:08:32.000Z",
      "manageableState": "installed",
      "namespacePrefix": "cldfs",
      "type": "LightningComponentBundle"
    },
    {
      "createdById": "0055e000001r1GbAAI",
      "createdByName": "Gustavo Caldas",
      "createdDate": "2025-10-05T02:20:56.000Z",
      "fileName": "lwc/cldfs__metadataModal",
      "fullName": "cldfs__metadataModal",
      "id": "0RbDm000000ZxFNKA0",
      "lastModifiedById": "005Dm000004aoidIAA",
      "lastModifiedByName": "CloudFiles",
      "lastModifiedDate": "2026-02-02T11:08:31.000Z",
      "manageableState": "installed",
      "namespacePrefix": "cldfs",
      "type": "LightningComponentBundle"
    },
    {
      "createdById": "0055e000001r1GbAAI",
      "createdByName": "Gustavo Caldas",
      "createdDate": "2025-10-05T02:20:57.000Z",
      "fileName": "lwc/cldfs__setupWidgetConfiguration",
      "fullName": "cldfs__setupWidgetConfiguration",
      "id": "0RbDm000000ZxFhKAK",
      "lastModifiedById": "005Dm000004aoidIAA",
      "lastModifiedByName": "CloudFiles",
      "lastModifiedDate": "2026-02-02T11:08:32.000Z",
      "manageableState": "installed",
      "namespacePrefix": "cldfs",
      "type": "LightningComponentBundle"
    },
    {
      "createdById": "0055e000001r1GbAAI",
      "createdByName": "Gustavo Caldas",
      "createdDate": "2025-10-05T02:20:56.000Z",
      "fileName": "lwc/cldfs__confirmationModal",
      "fullName": "cldfs__confirmationModal",
      "id": "0RbDm000000ZxEbKAK",
      "lastModifiedById": "005Dm000004aoidIAA",
      "lastModifiedByName": "CloudFiles",
      "lastModifiedDate": "2026-02-02T11:08:30.000Z",
      "manageableState": "installed",
      "namespacePrefix": "cldfs",
      "type": "LightningComponentBundle"
    },
    {
      "createdById": "0055e000001r1GbAAI",
      "createdByName": "Gustavo Caldas",
      "createdDate": "2026-02-06T23:57:32.000Z",
      "fileName": "lwc/companyFormScreen",
      "fullName": "companyFormScreen",
      "id": "0Rbfj000001kYnhCAE",
      "lastModifiedById": "0055e000001r1GbAAI",
      "lastModifiedByName": "Gustavo Caldas",
      "lastModifiedDate": "2026-02-07T00:21:20.000Z",
      "manageableState": "unmanaged",
      "type": "LightningComponentBundle"
    },
    {
      "createdById": "0055e000001r1GbAAI",
      "createdByName": "Gustavo Caldas",
      "createdDate": "2025-10-05T02:20:56.000Z",
      "fileName": "lwc/cldfs__contentTable",
      "fullName": "cldfs__contentTable",
      "id": "0RbDm000000ZxEiKAK",
      "lastModifiedById": "005Dm000004aoidIAA",
      "lastModifiedByName": "CloudFiles",
      "lastModifiedDate": "2026-02-02T11:08:30.000Z",
      "manageableState": "installed",
      "namespacePrefix": "cldfs",
      "type": "LightningComponentBundle"
    },
    {
      "createdById": "0055e000001r1GbAAI",
      "createdByName": "Gustavo Caldas",
      "createdDate": "2025-10-05T02:20:57.000Z",
      "fileName": "lwc/cldfs__tabDocumentGeneration",
      "fullName": "cldfs__tabDocumentGeneration",
      "id": "0RbDm000000ZxFnKAK",
      "lastModifiedById": "005Dm000004aoidIAA",
      "lastModifiedByName": "CloudFiles",
      "lastModifiedDate": "2026-02-02T11:08:32.000Z",
      "manageableState": "installed",
      "namespacePrefix": "cldfs",
      "type": "LightningComponentBundle"
    },
    {
      "createdById": "0055e000001r1GbAAI",
      "createdByName": "Gustavo Caldas",
      "createdDate": "2025-10-05T02:20:57.000Z",
      "fileName": "lwc/cldfs__widgetConfigurationOptions",
      "fullName": "cldfs__widgetConfigurationOptions",
      "id": "0RbDm000000ZxG5KAK",
      "lastModifiedById": "005Dm000004aoidIAA",
      "lastModifiedByName": "CloudFiles",
      "lastModifiedDate": "2026-02-02T11:08:33.000Z",
      "manageableState": "installed",
      "namespacePrefix": "cldfs",
      "type": "LightningComponentBundle"
    },
    {
      "createdById": "0055e000001r1GbAAI",
      "createdByName": "Gustavo Caldas",
      "createdDate": "2025-10-05T02:20:56.000Z",
      "fileName": "lwc/cldfs__clipButton",
      "fullName": "cldfs__clipButton",
      "id": "0RbDm000000ZxETKA0",
      "lastModifiedById": "005Dm000004aoidIAA",
      "lastModifiedByName": "CloudFiles",
      "lastModifiedDate": "2026-02-02T11:08:30.000Z",
      "manageableState": "installed",
      "namespacePrefix": "cldfs",
      "type": "LightningComponentBundle"
    },
    {
      "createdById": "0055e000001r1GbAAI",
      "createdByName": "Gustavo Caldas",
      "createdDate": "2025-10-05T02:20:56.000Z",
      "fileName": "lwc/cldfs__api",
      "fullName": "cldfs__api",
      "id": "0RbDm000000ZxEFKA0",
      "lastModifiedById": "005Dm000004aoidIAA",
      "lastModifiedByName": "CloudFiles",
      "lastModifiedDate": "2026-02-02T11:08:29.000Z",
      "manageableState": "installed",
      "namespacePrefix": "cldfs",
      "type": "LightningComponentBundle"
    },
    {
      "createdById": "0055e000001r1GbAAI",
      "createdByName": "Gustavo Caldas",
      "createdDate": "2025-10-05T02:20:56.000Z",
      "fileName": "lwc/cldfs__docAiPlaygroundModal",
      "fullName": "cldfs__docAiPlaygroundModal",
      "id": "0RbDm000000ZxEqKAK",
      "lastModifiedById": "005Dm000004aoidIAA",
      "lastModifiedByName": "CloudFiles",
      "lastModifiedDate": "2026-02-02T11:08:30.000Z",
      "manageableState": "installed",
      "namespacePrefix": "cldfs",
      "type": "LightningComponentBundle"
    },
    {
      "createdById": "0055e000001r1GbAAI",
      "createdByName": "Gustavo Caldas",
      "createdDate": "2025-10-05T02:20:57.000Z",
      "fileName": "lwc/cldfs__usageDashboard",
      "fullName": "cldfs__usageDashboard",
      "id": "0RbDm000000ZxFtKAK",
      "lastModifiedById": "005Dm000004aoidIAA",
      "lastModifiedByName": "CloudFiles",
      "lastModifiedDate": "2026-02-02T11:08:32.000Z",
      "manageableState": "installed",
      "namespacePrefix": "cldfs",
      "type": "LightningComponentBundle"
    },
    {
      "createdById": "0055e000001r1GbAAI",
      "createdByName": "Gustavo Caldas",
      "createdDate": "2025-10-05T02:20:56.000Z",
      "fileName": "lwc/cldfs__libraryConfigurationTabs",
      "fullName": "cldfs__libraryConfigurationTabs",
      "id": "0RbDm000000ZxFEKA0",
      "lastModifiedById": "005Dm000004aoidIAA",
      "lastModifiedByName": "CloudFiles",
      "lastModifiedDate": "2026-02-02T11:08:31.000Z",
      "manageableState": "installed",
      "namespacePrefix": "cldfs",
      "type": "LightningComponentBundle"
    },
    {
      "createdById": "0055e000001r1GbAAI",
      "createdByName": "Gustavo Caldas",
      "createdDate": "2025-10-05T02:20:56.000Z",
      "fileName": "lwc/cldfs__driveMetaDataModal",
      "fullName": "cldfs__driveMetaDataModal",
      "id": "0RbDm000000ZxF2KAK",
      "lastModifiedById": "005Dm000004aoidIAA",
      "lastModifiedByName": "CloudFiles",
      "lastModifiedDate": "2026-02-02T11:08:31.000Z",
      "manageableState": "installed",
      "namespacePrefix": "cldfs",
      "type": "LightningComponentBundle"
    },
    {
      "createdById": "0055e000001r1GbAAI",
      "createdByName": "Gustavo Caldas",
      "createdDate": "2025-10-05T02:20:56.000Z",
      "fileName": "lwc/cldfs__fileEngagementAnalytics",
      "fullName": "cldfs__fileEngagementAnalytics",
      "id": "0RbDm000000ZxF6KAK",
      "lastModifiedById": "005Dm000004aoidIAA",
      "lastModifiedByName": "CloudFiles",
      "lastModifiedDate": "2026-02-02T11:08:31.000Z",
      "manageableState": "installed",
      "namespacePrefix": "cldfs",
      "type": "LightningComponentBundle"
    },
    {
      "createdById": "0055e000001r1GbAAI",
      "createdByName": "Gustavo Caldas",
      "createdDate": "2025-10-05T02:20:56.000Z",
      "fileName": "lwc/cldfs__illustration",
      "fullName": "cldfs__illustration",
      "id": "0RbDm000000ZxFAKA0",
      "lastModifiedById": "005Dm000004aoidIAA",
      "lastModifiedByName": "CloudFiles",
      "lastModifiedDate": "2026-02-02T11:08:31.000Z",
      "manageableState": "installed",
      "namespacePrefix": "cldfs",
      "type": "LightningComponentBundle"
    },
    {
      "createdById": "0055e000001r1GbAAI",
      "createdByName": "Gustavo Caldas",
      "createdDate": "2025-10-05T02:20:56.000Z",
      "fileName": "lwc/cldfs__drivesList",
      "fullName": "cldfs__drivesList",
      "id": "0RbDm000000ZxF3KAK",
      "lastModifiedById": "005Dm000004aoidIAA",
      "lastModifiedByName": "CloudFiles",
      "lastModifiedDate": "2026-02-02T11:08:31.000Z",
      "manageableState": "installed",
      "namespacePrefix": "cldfs",
      "type": "LightningComponentBundle"
    },
    {
      "createdById": "0055e000001r1GbAAI",
      "createdByName": "Gustavo Caldas",
      "createdDate": "2025-10-05T02:20:57.000Z",
      "fileName": "lwc/cldfs__setupHome",
      "fullName": "cldfs__setupHome",
      "id": "0RbDm000000ZxFeKAK",
      "lastModifiedById": "005Dm000004aoidIAA",
      "lastModifiedByName": "CloudFiles",
      "lastModifiedDate": "2026-02-02T11:08:32.000Z",
      "manageableState": "installed",
      "namespacePrefix": "cldfs",
      "type": "LightningComponentBundle"
    },
    {
      "createdById": "0055e000001r1GbAAI",
      "createdByName": "Gustavo Caldas",
      "createdDate": "2025-10-05T02:20:56.000Z",
      "fileName": "lwc/cldfs__breadcrumbs",
      "fullName": "cldfs__breadcrumbs",
      "id": "0RbDm000000ZxEJKA0",
      "lastModifiedById": "005Dm000004aoidIAA",
      "lastModifiedByName": "CloudFiles",
      "lastModifiedDate": "2026-02-02T11:08:29.000Z",
      "manageableState": "installed",
      "namespacePrefix": "cldfs",
      "type": "LightningComponentBundle"
    },
    {
      "createdById": "0055e000001r1GbAAI",
      "createdByName": "Gustavo Caldas",
      "createdDate": "2025-10-05T02:20:56.000Z",
      "fileName": "lwc/cldfs__modalOverlaySpinner",
      "fullName": "cldfs__modalOverlaySpinner",
      "id": "0RbDm000000ZxFOKA0",
      "lastModifiedById": "005Dm000004aoidIAA",
      "lastModifiedByName": "CloudFiles",
      "lastModifiedDate": "2026-02-02T11:08:31.000Z",
      "manageableState": "installed",
      "namespacePrefix": "cldfs",
      "type": "LightningComponentBundle"
    },
    {
      "createdById": "0055e000001r1GbAAI",
      "createdByName": "Gustavo Caldas",
      "createdDate": "2025-10-05T02:20:57.000Z",
      "fileName": "lwc/cldfs__stencil",
      "fullName": "cldfs__stencil",
      "id": "0RbDm000000ZxFlKAK",
      "lastModifiedById": "005Dm000004aoidIAA",
      "lastModifiedByName": "CloudFiles",
      "lastModifiedDate": "2026-02-02T11:08:32.000Z",
      "manageableState": "installed",
      "namespacePrefix": "cldfs",
      "type": "LightningComponentBundle"
    },
    {
      "createdById": "0055e000001r1GbAAI",
      "createdByName": "Gustavo Caldas",
      "createdDate": "2025-10-05T02:20:57.000Z",
      "fileName": "lwc/cldfs__setupLibraries",
      "fullName": "cldfs__setupLibraries",
      "id": "0RbDm000000ZxFfKAK",
      "lastModifiedById": "005Dm000004aoidIAA",
      "lastModifiedByName": "CloudFiles",
      "lastModifiedDate": "2026-02-02T11:08:32.000Z",
      "manageableState": "installed",
      "namespacePrefix": "cldfs",
      "type": "LightningComponentBundle"
    },
    {
      "createdById": "0055e000001r1GbAAI",
      "createdByName": "Gustavo Caldas",
      "createdDate": "2025-10-05T02:20:56.000Z",
      "fileName": "lwc/cldfs__manageLibraries",
      "fullName": "cldfs__manageLibraries",
      "id": "0RbDm000000ZxFMKA0",
      "lastModifiedById": "005Dm000004aoidIAA",
      "lastModifiedByName": "CloudFiles",
      "lastModifiedDate": "2026-02-02T11:08:31.000Z",
      "manageableState": "installed",
      "namespacePrefix": "cldfs",
      "type": "LightningComponentBundle"
    },
    {
      "createdById": "0055e000001r1GbAAI",
      "createdByName": "Gustavo Caldas",
      "createdDate": "2025-10-05T02:20:56.000Z",
      "fileName": "lwc/cldfs__connectStorageButtonWrapper",
      "fullName": "cldfs__connectStorageButtonWrapper",
      "id": "0RbDm000000ZxEfKAK",
      "lastModifiedById": "005Dm000004aoidIAA",
      "lastModifiedByName": "CloudFiles",
      "lastModifiedDate": "2026-02-02T11:08:30.000Z",
      "manageableState": "installed",
      "namespacePrefix": "cldfs",
      "type": "LightningComponentBundle"
    },
    {
      "createdById": "0055e000001r1GbAAI",
      "createdByName": "Gustavo Caldas",
      "createdDate": "2025-10-05T02:20:57.000Z",
      "fileName": "lwc/cldfs__widgetHeader",
      "fullName": "cldfs__widgetHeader",
      "id": "0RbDm000000ZxG6KAK",
      "lastModifiedById": "005Dm000004aoidIAA",
      "lastModifiedByName": "CloudFiles",
      "lastModifiedDate": "2026-02-02T11:08:33.000Z",
      "manageableState": "installed",
      "namespacePrefix": "cldfs",
      "type": "LightningComponentBundle"
    },
    {
      "createdById": "005Dm000004aoidIAA",
      "createdByName": "CloudFiles",
      "createdDate": "2026-02-02T11:08:33.000Z",
      "fileName": "lwc/cldfs__templateUploadModal",
      "fullName": "cldfs__templateUploadModal",
      "id": "0Rbfj000001gbfPCAQ",
      "lastModifiedById": "005Dm000004aoidIAA",
      "lastModifiedByName": "CloudFiles",
      "lastModifiedDate": "2026-02-02T11:08:33.000Z",
      "manageableState": "installed",
      "namespacePrefix": "cldfs",
      "type": "LightningComponentBundle"
    },
    {
      "createdById": "0055e000001r1GbAAI",
      "createdByName": "Gustavo Caldas",
      "createdDate": "2025-10-05T02:20:56.000Z",
      "fileName": "lwc/cldfs__libraryAuth",
      "fullName": "cldfs__libraryAuth",
      "id": "0RbDm000000ZxFDKA0",
      "lastModifiedById": "005Dm000004aoidIAA",
      "lastModifiedByName": "CloudFiles",
      "lastModifiedDate": "2026-02-02T11:08:31.000Z",
      "manageableState": "installed",
      "namespacePrefix": "cldfs",
      "type": "LightningComponentBundle"
    },
    {
      "createdById": "0055e000001r1GbAAI",
      "createdByName": "Gustavo Caldas",
      "createdDate": "2025-10-05T02:20:56.000Z",
      "fileName": "lwc/cldfs__cloudFilesAttachments",
      "fullName": "cldfs__cloudFilesAttachments",
      "id": "0RbDm000000ZxEUKA0",
      "lastModifiedById": "005Dm000004aoidIAA",
      "lastModifiedByName": "CloudFiles",
      "lastModifiedDate": "2026-02-02T11:08:30.000Z",
      "manageableState": "installed",
      "namespacePrefix": "cldfs",
      "type": "LightningComponentBundle"
    },
    {
      "createdById": "0055e000001r1GbAAI",
      "createdByName": "Gustavo Caldas",
      "createdDate": "2025-10-05T02:20:56.000Z",
      "fileName": "lwc/cldfs__constants",
      "fullName": "cldfs__constants",
      "id": "0RbDm000000ZxEhKAK",
      "lastModifiedById": "005Dm000004aoidIAA",
      "lastModifiedByName": "CloudFiles",
      "lastModifiedDate": "2026-02-02T11:08:30.000Z",
      "manageableState": "installed",
      "namespacePrefix": "cldfs",
      "type": "LightningComponentBundle"
    },
    {
      "createdById": "0055e000001r1GbAAI",
      "createdByName": "Gustavo Caldas",
      "createdDate": "2025-10-05T02:20:57.000Z",
      "fileName": "lwc/cldfs__utilIcons",
      "fullName": "cldfs__utilIcons",
      "id": "0RbDm000000ZxFvKAK",
      "lastModifiedById": "005Dm000004aoidIAA",
      "lastModifiedByName": "CloudFiles",
      "lastModifiedDate": "2026-02-02T11:08:32.000Z",
      "manageableState": "installed",
      "namespacePrefix": "cldfs",
      "type": "LightningComponentBundle"
    },
    {
      "createdById": "0055e000001r1GbAAI",
      "createdByName": "Gustavo Caldas",
      "createdDate": "2025-10-05T02:20:56.000Z",
      "fileName": "lwc/cldfs__librariesConfiguration",
      "fullName": "cldfs__librariesConfiguration",
      "id": "0RbDm000000ZxFBKA0",
      "lastModifiedById": "005Dm000004aoidIAA",
      "lastModifiedByName": "CloudFiles",
      "lastModifiedDate": "2026-02-02T11:08:31.000Z",
      "manageableState": "installed",
      "namespacePrefix": "cldfs",
      "type": "LightningComponentBundle"
    },
    {
      "createdById": "0055e000001r1GbAAI",
      "createdByName": "Gustavo Caldas",
      "createdDate": "2025-10-05T02:20:57.000Z",
      "fileName": "lwc/cldfs__setupDocGenTemplates",
      "fullName": "cldfs__setupDocGenTemplates",
      "id": "0RbDm000000ZxFdKAK",
      "lastModifiedById": "005Dm000004aoidIAA",
      "lastModifiedByName": "CloudFiles",
      "lastModifiedDate": "2026-02-02T11:08:32.000Z",
      "manageableState": "installed",
      "namespacePrefix": "cldfs",
      "type": "LightningComponentBundle"
    },
    {
      "createdById": "005Dm000004aoidIAA",
      "createdByName": "CloudFiles",
      "createdDate": "2026-02-02T11:08:33.000Z",
      "fileName": "lwc/cldfs__docSharingLinkDefaultsTab",
      "fullName": "cldfs__docSharingLinkDefaultsTab",
      "id": "0Rbfj000001gbfMCAQ",
      "lastModifiedById": "005Dm000004aoidIAA",
      "lastModifiedByName": "CloudFiles",
      "lastModifiedDate": "2026-02-02T11:08:33.000Z",
      "manageableState": "installed",
      "namespacePrefix": "cldfs",
      "type": "LightningComponentBundle"
    },
    {
      "createdById": "0055e000001r1GbAAI",
      "createdByName": "Gustavo Caldas",
      "createdDate": "2025-10-05T02:20:56.000Z",
      "fileName": "lwc/cldfs__cfModal",
      "fullName": "cldfs__cfModal",
      "id": "0RbDm000000ZxESKA0",
      "lastModifiedById": "005Dm000004aoidIAA",
      "lastModifiedByName": "CloudFiles",
      "lastModifiedDate": "2026-02-02T11:08:30.000Z",
      "manageableState": "installed",
      "namespacePrefix": "cldfs",
      "type": "LightningComponentBundle"
    },
    {
      "createdById": "0055e000001r1GbAAI",
      "createdByName": "Gustavo Caldas",
      "createdDate": "2025-10-05T02:20:56.000Z",
      "fileName": "lwc/cldfs__configureColumnsModal",
      "fullName": "cldfs__configureColumnsModal",
      "id": "0RbDm000000ZxEZKA0",
      "lastModifiedById": "005Dm000004aoidIAA",
      "lastModifiedByName": "CloudFiles",
      "lastModifiedDate": "2026-02-02T11:08:30.000Z",
      "manageableState": "installed",
      "namespacePrefix": "cldfs",
      "type": "LightningComponentBundle"
    },
    {
      "createdById": "0055e000001r1GbAAI",
      "createdByName": "Gustavo Caldas",
      "createdDate": "2021-06-25T13:02:16.000Z",
      "fileName": "lwc/imovelLWC",
      "fullName": "imovelLWC",
      "id": "0Rb5e000001IIXqCAO",
      "lastModifiedById": "0055e000001r1GbAAI",
      "lastModifiedByName": "Gustavo Caldas",
      "lastModifiedDate": "2021-06-25T16:45:44.000Z",
      "manageableState": "unmanaged",
      "type": "LightningComponentBundle"
    },
    {
      "createdById": "0055e000001r1GbAAI",
      "createdByName": "Gustavo Caldas",
      "createdDate": "2025-10-05T02:20:56.000Z",
      "fileName": "lwc/cldfs__configureColumnsModalContent",
      "fullName": "cldfs__configureColumnsModalContent",
      "id": "0RbDm000000ZxEaKAK",
      "lastModifiedById": "005Dm000004aoidIAA",
      "lastModifiedByName": "CloudFiles",
      "lastModifiedDate": "2026-02-02T11:08:30.000Z",
      "manageableState": "installed",
      "namespacePrefix": "cldfs",
      "type": "LightningComponentBundle"
    },
    {
      "createdById": "0055e000001r1GbAAI",
      "createdByName": "Gustavo Caldas",
      "createdDate": "2025-10-05T02:20:56.000Z",
      "fileName": "lwc/cldfs__documentAiUsage",
      "fullName": "cldfs__documentAiUsage",
      "id": "0RbDm000000ZxEwKAK",
      "lastModifiedById": "005Dm000004aoidIAA",
      "lastModifiedByName": "CloudFiles",
      "lastModifiedDate": "2026-02-02T11:08:31.000Z",
      "manageableState": "installed",
      "namespacePrefix": "cldfs",
      "type": "LightningComponentBundle"
    },
    {
      "createdById": "0055e000001r1GbAAI",
      "createdByName": "Gustavo Caldas",
      "createdDate": "2025-10-05T02:20:56.000Z",
      "fileName": "lwc/cldfs__copyToClipboard",
      "fullName": "cldfs__copyToClipboard",
      "id": "0RbDm000000ZxElKAK",
      "lastModifiedById": "005Dm000004aoidIAA",
      "lastModifiedByName": "CloudFiles",
      "lastModifiedDate": "2026-02-02T11:08:30.000Z",
      "manageableState": "installed",
      "namespacePrefix": "cldfs",
      "type": "LightningComponentBundle"
    },
    {
      "createdById": "0055e000001r1GbAAI",
      "createdByName": "Gustavo Caldas",
      "createdDate": "2025-10-05T02:20:57.000Z",
      "fileName": "lwc/cldfs__settingsApiKeys",
      "fullName": "cldfs__settingsApiKeys",
      "id": "0RbDm000000ZxFaKAK",
      "lastModifiedById": "005Dm000004aoidIAA",
      "lastModifiedByName": "CloudFiles",
      "lastModifiedDate": "2026-02-02T11:08:32.000Z",
      "manageableState": "installed",
      "namespacePrefix": "cldfs",
      "type": "LightningComponentBundle"
    },
    {
      "createdById": "0055e000001r1GbAAI",
      "createdByName": "Gustavo Caldas",
      "createdDate": "2025-10-05T02:20:56.000Z",
      "fileName": "lwc/cldfs__analyticsModal",
      "fullName": "cldfs__analyticsModal",
      "id": "0RbDm000000ZxEEKA0",
      "lastModifiedById": "005Dm000004aoidIAA",
      "lastModifiedByName": "CloudFiles",
      "lastModifiedDate": "2026-02-02T11:08:29.000Z",
      "manageableState": "installed",
      "namespacePrefix": "cldfs",
      "type": "LightningComponentBundle"
    },
    {
      "createdById": "0055e000001r1GbAAI",
      "createdByName": "Gustavo Caldas",
      "createdDate": "2025-10-05T02:20:56.000Z",
      "fileName": "lwc/cldfs__libraryModal",
      "fullName": "cldfs__libraryModal",
      "id": "0RbDm000000ZxFHKA0",
      "lastModifiedById": "005Dm000004aoidIAA",
      "lastModifiedByName": "CloudFiles",
      "lastModifiedDate": "2026-02-02T11:08:31.000Z",
      "manageableState": "installed",
      "namespacePrefix": "cldfs",
      "type": "LightningComponentBundle"
    },
    {
      "createdById": "0055e000001r1GbAAI",
      "createdByName": "Gustavo Caldas",
      "createdDate": "2025-10-05T02:20:56.000Z",
      "fileName": "lwc/cldfs__adminUtils",
      "fullName": "cldfs__adminUtils",
      "id": "0RbDm000000ZxEAKA0",
      "lastModifiedById": "005Dm000004aoidIAA",
      "lastModifiedByName": "CloudFiles",
      "lastModifiedDate": "2026-02-02T11:08:29.000Z",
      "manageableState": "installed",
      "namespacePrefix": "cldfs",
      "type": "LightningComponentBundle"
    },
    {
      "createdById": "0055e000001r1GbAAI",
      "createdByName": "Gustavo Caldas",
      "createdDate": "2025-10-05T02:20:57.000Z",
      "fileName": "lwc/cldfs__userManagement",
      "fullName": "cldfs__userManagement",
      "id": "0RbDm000000ZxFuKAK",
      "lastModifiedById": "005Dm000004aoidIAA",
      "lastModifiedByName": "CloudFiles",
      "lastModifiedDate": "2026-02-02T11:08:32.000Z",
      "manageableState": "installed",
      "namespacePrefix": "cldfs",
      "type": "LightningComponentBundle"
    },
    {
      "createdById": "0055e000001r1GbAAI",
      "createdByName": "Gustavo Caldas",
      "createdDate": "2025-10-05T02:20:56.000Z",
      "fileName": "lwc/cldfs__documentManagementUsage",
      "fullName": "cldfs__documentManagementUsage",
      "id": "0RbDm000000ZxF0KAK",
      "lastModifiedById": "005Dm000004aoidIAA",
      "lastModifiedByName": "CloudFiles",
      "lastModifiedDate": "2026-02-02T11:08:31.000Z",
      "manageableState": "installed",
      "namespacePrefix": "cldfs",
      "type": "LightningComponentBundle"
    },
    {
      "createdById": "0055e000001r1GbAAI",
      "createdByName": "Gustavo Caldas",
      "createdDate": "2025-10-05T02:20:56.000Z",
      "fileName": "lwc/cldfs__libraryIcon",
      "fullName": "cldfs__libraryIcon",
      "id": "0RbDm000000ZxFFKA0",
      "lastModifiedById": "005Dm000004aoidIAA",
      "lastModifiedByName": "CloudFiles",
      "lastModifiedDate": "2026-02-02T11:08:31.000Z",
      "manageableState": "installed",
      "namespacePrefix": "cldfs",
      "type": "LightningComponentBundle"
    },
    {
      "createdById": "0055e000001r1GbAAI",
      "createdByName": "Gustavo Caldas",
      "createdDate": "2025-10-05T02:20:56.000Z",
      "fileName": "lwc/cldfs__libraryTab",
      "fullName": "cldfs__libraryTab",
      "id": "0RbDm000000ZxFIKA0",
      "lastModifiedById": "005Dm000004aoidIAA",
      "lastModifiedByName": "CloudFiles",
      "lastModifiedDate": "2026-02-02T11:08:31.000Z",
      "manageableState": "installed",
      "namespacePrefix": "cldfs",
      "type": "LightningComponentBundle"
    },
    {
      "createdById": "0055e000001r1GbAAI",
      "createdByName": "Gustavo Caldas",
      "createdDate": "2025-10-05T02:20:56.000Z",
      "fileName": "lwc/cldfs__connectLibrary",
      "fullName": "cldfs__connectLibrary",
      "id": "0RbDm000000ZxEeKAK",
      "lastModifiedById": "005Dm000004aoidIAA",
      "lastModifiedByName": "CloudFiles",
      "lastModifiedDate": "2026-02-02T11:08:30.000Z",
      "manageableState": "installed",
      "namespacePrefix": "cldfs",
      "type": "LightningComponentBundle"
    },
    {
      "createdById": "0055e000001r1GbAAI",
      "createdByName": "Gustavo Caldas",
      "createdDate": "2025-10-05T02:20:56.000Z",
      "fileName": "lwc/cldfs__deleteModal",
      "fullName": "cldfs__deleteModal",
      "id": "0RbDm000000ZxEnKAK",
      "lastModifiedById": "005Dm000004aoidIAA",
      "lastModifiedByName": "CloudFiles",
      "lastModifiedDate": "2026-02-02T11:08:30.000Z",
      "manageableState": "installed",
      "namespacePrefix": "cldfs",
      "type": "LightningComponentBundle"
    },
    {
      "createdById": "0055e000001r1GbAAI",
      "createdByName": "Gustavo Caldas",
      "createdDate": "2025-10-05T02:20:56.000Z",
      "fileName": "lwc/cldfs__attachmentsWidget",
      "fullName": "cldfs__attachmentsWidget",
      "id": "0RbDm000000ZxEGKA0",
      "lastModifiedById": "005Dm000004aoidIAA",
      "lastModifiedByName": "CloudFiles",
      "lastModifiedDate": "2026-02-02T11:08:29.000Z",
      "manageableState": "installed",
      "namespacePrefix": "cldfs",
      "type": "LightningComponentBundle"
    },
    {
      "createdById": "0055e000001r1GbAAI",
      "createdByName": "Gustavo Caldas",
      "createdDate": "2025-10-05T02:20:56.000Z",
      "fileName": "lwc/cldfs__documentAiSettings",
      "fullName": "cldfs__documentAiSettings",
      "id": "0RbDm000000ZxEuKAK",
      "lastModifiedById": "005Dm000004aoidIAA",
      "lastModifiedByName": "CloudFiles",
      "lastModifiedDate": "2026-02-02T11:08:30.000Z",
      "manageableState": "installed",
      "namespacePrefix": "cldfs",
      "type": "LightningComponentBundle"
    },
    {
      "createdById": "0055e000001r1GbAAI",
      "createdByName": "Gustavo Caldas",
      "createdDate": "2025-10-05T02:20:56.000Z",
      "fileName": "lwc/cldfs__onboardingLibraries",
      "fullName": "cldfs__onboardingLibraries",
      "id": "0RbDm000000ZxFSKA0",
      "lastModifiedById": "005Dm000004aoidIAA",
      "lastModifiedByName": "CloudFiles",
      "lastModifiedDate": "2026-02-02T11:08:31.000Z",
      "manageableState": "installed",
      "namespacePrefix": "cldfs",
      "type": "LightningComponentBundle"
    },
    {
      "createdById": "005Dm000004aoidIAA",
      "createdByName": "CloudFiles",
      "createdDate": "2025-11-10T08:57:44.000Z",
      "fileName": "lwc/cldfs__mapperConfigurationModal",
      "fullName": "cldfs__mapperConfigurationModal",
      "id": "0RbDm000000ZxUjKAK",
      "lastModifiedById": "005Dm000004aoidIAA",
      "lastModifiedByName": "CloudFiles",
      "lastModifiedDate": "2026-02-02T11:08:31.000Z",
      "manageableState": "installed",
      "namespacePrefix": "cldfs",
      "type": "LightningComponentBundle"
    },
    {
      "createdById": "0055e000001r1GbAAI",
      "createdByName": "Gustavo Caldas",
      "createdDate": "2025-10-05T02:20:56.000Z",
      "fileName": "lwc/cldfs__libraryList",
      "fullName": "cldfs__libraryList",
      "id": "0RbDm000000ZxFGKA0",
      "lastModifiedById": "005Dm000004aoidIAA",
      "lastModifiedByName": "CloudFiles",
      "lastModifiedDate": "2026-02-02T11:08:31.000Z",
      "manageableState": "installed",
      "namespacePrefix": "cldfs",
      "type": "LightningComponentBundle"
    },
    {
      "createdById": "0055e000001r1GbAAI",
      "createdByName": "Gustavo Caldas",
      "createdDate": "2025-10-05T02:20:57.000Z",
      "fileName": "lwc/cldfs__utils",
      "fullName": "cldfs__utils",
      "id": "0RbDm000000ZxFwKAK",
      "lastModifiedById": "005Dm000004aoidIAA",
      "lastModifiedByName": "CloudFiles",
      "lastModifiedDate": "2026-02-02T11:08:32.000Z",
      "manageableState": "installed",
      "namespacePrefix": "cldfs",
      "type": "LightningComponentBundle"
    },
    {
      "createdById": "005Dm000004aoidIAA",
      "createdByName": "CloudFiles",
      "createdDate": "2025-11-10T08:57:44.000Z",
      "fileName": "lwc/cldfs__documentMapperAction",
      "fullName": "cldfs__documentMapperAction",
      "id": "0RbDm000000ZxUhKAK",
      "lastModifiedById": "005Dm000004aoidIAA",
      "lastModifiedByName": "CloudFiles",
      "lastModifiedDate": "2026-02-02T11:08:31.000Z",
      "manageableState": "installed",
      "namespacePrefix": "cldfs",
      "type": "LightningComponentBundle"
    },
    {
      "createdById": "0055e000001r1GbAAI",
      "createdByName": "Gustavo Caldas",
      "createdDate": "2025-10-05T02:20:57.000Z",
      "fileName": "lwc/cldfs__sharedLinksWidget",
      "fullName": "cldfs__sharedLinksWidget",
      "id": "0RbDm000000ZxFjKAK",
      "lastModifiedById": "005Dm000004aoidIAA",
      "lastModifiedByName": "CloudFiles",
      "lastModifiedDate": "2026-02-02T11:08:32.000Z",
      "manageableState": "installed",
      "namespacePrefix": "cldfs",
      "type": "LightningComponentBundle"
    },
    {
      "createdById": "005Dm000004aoidIAA",
      "createdByName": "CloudFiles",
      "createdDate": "2025-11-10T08:57:44.000Z",
      "fileName": "lwc/cldfs__utilAnimations",
      "fullName": "cldfs__utilAnimations",
      "id": "0RbDm000000ZxUkKAK",
      "lastModifiedById": "005Dm000004aoidIAA",
      "lastModifiedByName": "CloudFiles",
      "lastModifiedDate": "2026-02-02T11:08:32.000Z",
      "manageableState": "installed",
      "namespacePrefix": "cldfs",
      "type": "LightningComponentBundle"
    },
    {
      "createdById": "0055e000001r1GbAAI",
      "createdByName": "Gustavo Caldas",
      "createdDate": "2025-10-05T02:20:57.000Z",
      "fileName": "lwc/cldfs__widgetBasePathModal",
      "fullName": "cldfs__widgetBasePathModal",
      "id": "0RbDm000000ZxFzKAK",
      "lastModifiedById": "005Dm000004aoidIAA",
      "lastModifiedByName": "CloudFiles",
      "lastModifiedDate": "2026-02-02T11:08:32.000Z",
      "manageableState": "installed",
      "namespacePrefix": "cldfs",
      "type": "LightningComponentBundle"
    },
    {
      "createdById": "0055e000001r1GbAAI",
      "createdByName": "Gustavo Caldas",
      "createdDate": "2025-10-05T02:20:56.000Z",
      "fileName": "lwc/cldfs__searchList",
      "fullName": "cldfs__searchList",
      "id": "0RbDm000000ZxFWKA0",
      "lastModifiedById": "005Dm000004aoidIAA",
      "lastModifiedByName": "CloudFiles",
      "lastModifiedDate": "2026-02-02T11:08:32.000Z",
      "manageableState": "installed",
      "namespacePrefix": "cldfs",
      "type": "LightningComponentBundle"
    },
    {
      "createdById": "0055e000001r1GbAAI",
      "createdByName": "Gustavo Caldas",
      "createdDate": "2025-10-05T02:20:56.000Z",
      "fileName": "lwc/cldfs__linkSettingsModal",
      "fullName": "cldfs__linkSettingsModal",
      "id": "0RbDm000000ZxFLKA0",
      "lastModifiedById": "005Dm000004aoidIAA",
      "lastModifiedByName": "CloudFiles",
      "lastModifiedDate": "2026-02-02T11:08:31.000Z",
      "manageableState": "installed",
      "namespacePrefix": "cldfs",
      "type": "LightningComponentBundle"
    },
    {
      "createdById": "0055e000001r1GbAAI",
      "createdByName": "Gustavo Caldas",
      "createdDate": "2025-10-05T02:20:56.000Z",
      "fileName": "lwc/cldfs__cloudFilesAttachmentsAction",
      "fullName": "cldfs__cloudFilesAttachmentsAction",
      "id": "0RbDm000000ZxEVKA0",
      "lastModifiedById": "005Dm000004aoidIAA",
      "lastModifiedByName": "CloudFiles",
      "lastModifiedDate": "2026-02-02T11:08:30.000Z",
      "manageableState": "installed",
      "namespacePrefix": "cldfs",
      "type": "LightningComponentBundle"
    },
    {
      "createdById": "0055e000001r1GbAAI",
      "createdByName": "Gustavo Caldas",
      "createdDate": "2025-10-05T02:20:57.000Z",
      "fileName": "lwc/cldfs__widgetTypes",
      "fullName": "cldfs__widgetTypes",
      "id": "0RbDm000000ZxG8KAK",
      "lastModifiedById": "005Dm000004aoidIAA",
      "lastModifiedByName": "CloudFiles",
      "lastModifiedDate": "2026-02-02T11:08:33.000Z",
      "manageableState": "installed",
      "namespacePrefix": "cldfs",
      "type": "LightningComponentBundle"
    },
    {
      "createdById": "0055e000001r1GbAAI",
      "createdByName": "Gustavo Caldas",
      "createdDate": "2025-10-05T02:20:56.000Z",
      "fileName": "lwc/cldfs__cfLibraryAccordionSection",
      "fullName": "cldfs__cfLibraryAccordionSection",
      "id": "0RbDm000000ZxERKA0",
      "lastModifiedById": "005Dm000004aoidIAA",
      "lastModifiedByName": "CloudFiles",
      "lastModifiedDate": "2026-02-02T11:08:30.000Z",
      "manageableState": "installed",
      "namespacePrefix": "cldfs",
      "type": "LightningComponentBundle"
    },
    {
      "createdById": "0055e000001r1GbAAI",
      "createdByName": "Gustavo Caldas",
      "createdDate": "2025-10-05T02:20:57.000Z",
      "fileName": "lwc/cldfs__widgetName",
      "fullName": "cldfs__widgetName",
      "id": "0RbDm000000ZxG7KAK",
      "lastModifiedById": "005Dm000004aoidIAA",
      "lastModifiedByName": "CloudFiles",
      "lastModifiedDate": "2026-02-02T11:08:33.000Z",
      "manageableState": "installed",
      "namespacePrefix": "cldfs",
      "type": "LightningComponentBundle"
    }
  ]
}