{
  "status": 0,
  "result": [
    {
      "createdById": "0055e000001r1GbAAI",
      "createdByName": "Gustavo Caldas",
      "createdDate": "2025-10-05T02:21:15.000Z",
      "fileName": "permissionsets/cldfs__CloudFiles_Standard_User.permissionset",
      "fullName": "cldfs__CloudFiles_Standard_User",
      "id": "0PSDm000000QtjFOAS",
      "lastModifiedById": "005Dm000004aoidIAA",
      "lastModifiedByName": "CloudFiles",
      "lastModifiedDate": "2025-11-10T08:58:02.000Z",
      "manageableState": "installed",
      "namespacePrefix": "cldfs",
      "type": "PermissionSet"
    },
    {
      "createdById": "0055e000001r1GbAAI",
      "createdByName": "Gustavo Caldas",
      "createdDate": "2025-10-05T02:21:15.000Z",
      "fileName": "permissionsets/cldfs__CloudFiles_External_User.permissionset",
      "fullName": "cldfs__CloudFiles_External_User",
      "id": "0PSDm000000QtjDOAS",
      "lastModifiedById": "0055e000001r1GbAAI",
      "lastModifiedByName": "Gustavo Caldas",
      "lastModifiedDate": "2025-10-05T02:21:15.000Z",
      "manageableState": "installed",
      "namespacePrefix": "cldfs",
      "type": "PermissionSet"
    },
    {
      "createdById": "0055e000002aK2nAAE",
      "createdByName": "Automated Process",
      "createdDate": "2023-09-01T22:26:33.000Z",
      "fileName": "permissionsets/sfdcInternalInt__sfdc_scrt2.permissionset",
      "fullName": "sfdcInternalInt__sfdc_scrt2",
      "id": "0PS5e000004pq6bGAA",
      "lastModifiedById": "0055e000002aK2nAAE",
      "lastModifiedByName": "Automated Process",
      "lastModifiedDate": "2023-10-14T05:58:00.000Z",
      "manageableState": "unmanaged",
      "namespacePrefix": "sfdcInternalInt",
      "type": "PermissionSet"
    },
    {
      "createdById": "0055e000001r1GbAAI",
      "createdByName": "Gustavo Caldas",
      "createdDate": "2025-10-05T02:21:15.000Z",
      "fileName": "permissionsets/cldfs__CloudFiles_Field_Service_User.permissionset",
      "fullName": "cldfs__CloudFiles_Field_Service_User",
      "id": "0PSDm000000QtjEOAS",
      "lastModifiedById": "0055e000001r1GbAAI",
      "lastModifiedByName": "Gustavo Caldas",
      "lastModifiedDate": "2025-10-05T02:21:15.000Z",
      "manageableState": "installed",
      "namespacePrefix": "cldfs",
      "type": "PermissionSet"
    },
    {
      "createdById": "0055e000001r1GbAAI",
      "createdByName": "Gustavo Caldas",
      "createdDate": "2025-10-05T02:21:14.000Z",
      "fileName": "permissionsets/cldfs__CloudFiles_Admin_User.permissionset",
      "fullName": "cldfs__CloudFiles_Admin_User",
      "id": "0PSDm000000QtjCOAS",
      "lastModifiedById": "005Dm000004aoidIAA",
      "lastModifiedByName": "CloudFiles",
      "lastModifiedDate": "2025-11-10T08:58:01.000Z",
      "manageableState": "installed",
      "namespacePrefix": "cldfs",
      "type": "PermissionSet"
    }
  ]
}