{
  "status": 0,
  "result": [
    {
      "createdById": "0055e000001r1GbAAI",
      "createdByName": "Gustavo Caldas",
      "createdDate": "2021-05-13T14:45:17.000Z",
      "fileName": "profileSessionSettings/PT1_profileSessionSetting1620917117901.profileSessionSetting",
      "fullName": "PT1_profileSessionSetting1620917117901",
      "id": "0HU5e0000000Gu3GAE",
      "lastModifiedById": "0055e000001r1GbAAI",
      "lastModifiedByName": "Gustavo Caldas",
      "lastModifiedDate": "2021-05-13T14:46:57.000Z",
      "manageableState": "unmanaged",
      "type": "ProfileSessionSetting"
    }
  ]
}