{
  "status": 0,
  "result": [
    {
      "createdById": "0055e000001r1GbAAI",
      "createdByName": "Gustavo Caldas",
      "createdDate": "2021-05-13T14:45:17.000Z",
      "fileName": "profilePasswordPolicies/PT1_profilePasswordPolicy1620917117817.profilePasswordPolicy",
      "fullName": "PT1_profilePasswordPolicy1620917117817",
      "id": "0HV5e0000000I3VGAU",
      "lastModifiedById": "0055e000001r1GbAAI",
      "lastModifiedByName": "Gustavo Caldas",
      "lastModifiedDate": "2021-05-13T14:46:57.000Z",
      "manageableState": "unmanaged",
      "type": "ProfilePasswordPolicy"
    }
  ]
}