{
  "status": 0,
  "result": [
    {
      "createdById": "005Dm000004aoidIAA",
      "createdByName": "CloudFiles",
      "createdDate": "2026-02-02T11:09:04.000Z",
      "fileName": "remoteSiteSettings/cldfs__CloudFiles_EU_API.remoteSite",
      "fullName": "cldfs__CloudFiles_EU_API",
      "id": "0rpfj000002VDO1AAO",
      "lastModifiedById": "005Dm000004aoidIAA",
      "lastModifiedByName": "CloudFiles",
      "lastModifiedDate": "2026-02-02T11:09:04.000Z",
      "manageableState": "installed",
      "namespacePrefix": "cldfs",
      "type": "RemoteSiteSetting"
    },
    {
      "createdById": "0055e000001r1GbAAI",
      "createdByName": "Gustavo Caldas",
      "createdDate": "2025-10-05T02:21:19.000Z",
      "fileName": "remoteSiteSettings/cldfs__CloudFiles_API.remoteSite",
      "fullName": "cldfs__CloudFiles_API",
      "id": "0rpDm000000CdiyIAC",
      "lastModifiedById": "0055e000001r1GbAAI",
      "lastModifiedByName": "Gustavo Caldas",
      "lastModifiedDate": "2025-10-05T02:21:19.000Z",
      "manageableState": "installed",
      "namespacePrefix": "cldfs",
      "type": "RemoteSiteSetting"
    },
    {
      "createdById": "005Dm000004aoidIAA",
      "createdByName": "CloudFiles",
      "createdDate": "2026-02-02T11:09:04.000Z",
      "fileName": "remoteSiteSettings/cldfs__CloudFiles_UK_API.remoteSite",
      "fullName": "cldfs__CloudFiles_UK_API",
      "id": "0rpfj000002VDO2AAO",
      "lastModifiedById": "005Dm000004aoidIAA",
      "lastModifiedByName": "CloudFiles",
      "lastModifiedDate": "2026-02-02T11:09:04.000Z",
      "manageableState": "installed",
      "namespacePrefix": "cldfs",
      "type": "RemoteSiteSetting"
    },
    {
      "createdById": "0055e000001r1GbAAI",
      "createdByName": "Gustavo Caldas",
      "createdDate": "2021-05-11T14:27:05.000Z",
      "fileName": "remoteSiteSettings/ApexDevNet.remoteSite",
      "fullName": "ApexDevNet",
      "id": "0rp5e0000017VL8AAM",
      "lastModifiedById": "0055e000001r1GbAAI",
      "lastModifiedByName": "Gustavo Caldas",
      "lastModifiedDate": "2021-05-11T14:27:05.000Z",
      "manageableState": "unmanaged",
      "type": "RemoteSiteSetting"
    },
    {
      "createdById": "005Dm000004aoidIAA",
      "createdByName": "CloudFiles",
      "createdDate": "2025-11-10T08:58:02.000Z",
      "fileName": "remoteSiteSettings/cldfs__CloudFiles_AU_API.remoteSite",
      "fullName": "cldfs__CloudFiles_AU_API",
      "id": "0rpDm000000CdjtIAC",
      "lastModifiedById": "005Dm000004aoidIAA",
      "lastModifiedByName": "CloudFiles",
      "lastModifiedDate": "2025-11-10T08:58:02.000Z",
      "manageableState": "installed",
      "namespacePrefix": "cldfs",
      "type": "RemoteSiteSetting"
    },
    {
      "createdById": "0055e000001r1GbAAI",
      "createdByName": "Gustavo Caldas",
      "createdDate": "2021-10-25T14:34:46.000Z",
      "fileName": "remoteSiteSettings/animais_http.remoteSite",
      "fullName": "animais_http",
      "id": "0rp5e000000kRNBAA2",
      "lastModifiedById": "0055e000001r1GbAAI",
      "lastModifiedByName": "Gustavo Caldas",
      "lastModifiedDate": "2021-10-25T14:34:46.000Z",
      "manageableState": "unmanaged",
      "type": "RemoteSiteSetting"
    }
  ]
}