{
  "status": 0,
  "result": [
    {
      "createdById": "0055e000001r1GbAAI",
      "createdByName": "Gustavo Caldas",
      "createdDate": "2026-02-06T22:41:08.000Z",
      "fileName": "siteDotComSites/CloudsquareGustavoCaldasStudyCase1.site",
      "fullName": "CloudsquareGustavoCaldasStudyCase1",
      "id": "0DMfj000001nXqIGAU",
      "lastModifiedById": "0055e000001r1GbAAI",
      "lastModifiedByName": "Gustavo Caldas",
      "lastModifiedDate": "2026-02-07T03:15:51.000Z",
      "type": "SiteDotCom"
    }
  ]
}