<?xml version="1.0" encoding="UTF-8"?>
<CustomObject xmlns="http://soap.sforce.com/2006/04/metadata">
    <actionOverrides>
        <actionName>CancelEdit</actionName>
        <type>Default</type>
    </actionOverrides>
    <actionOverrides>
        <actionName>CancelEdit</actionName>
        <formFactor>Large</formFactor>
        <type>Default</type>
    </actionOverrides>
    <actionOverrides>
        <actionName>CancelEdit</actionName>
        <formFactor>Small</formFactor>
        <type>Default</type>
    </actionOverrides>
    <actionOverrides>
        <actionName>Clone</actionName>
        <type>Default</type>
    </actionOverrides>
    <actionOverrides>
        <actionName>Clone</actionName>
        <formFactor>Large</formFactor>
        <type>Default</type>
    </actionOverrides>
    <actionOverrides>
        <actionName>Clone</actionName>
        <formFactor>Small</formFactor>
        <type>Default</type>
    </actionOverrides>
    <actionOverrides>
        <actionName>Delete</actionName>
        <type>Default</type>
    </actionOverrides>
    <actionOverrides>
        <actionName>Delete</actionName>
        <formFactor>Large</formFactor>
        <type>Default</type>
    </actionOverrides>
    <actionOverrides>
        <actionName>Delete</actionName>
        <formFactor>Small</formFactor>
        <type>Default</type>
    </actionOverrides>
    <actionOverrides>
        <actionName>Edit</actionName>
        <type>Default</type>
    </actionOverrides>
    <actionOverrides>
        <actionName>Edit</actionName>
        <formFactor>Large</formFactor>
        <type>Default</type>
    </actionOverrides>
    <actionOverrides>
        <actionName>Edit</actionName>
        <formFactor>Small</formFactor>
        <type>Default</type>
    </actionOverrides>
    <actionOverrides>
        <actionName>List</actionName>
        <type>Default</type>
    </actionOverrides>
    <actionOverrides>
        <actionName>List</actionName>
        <formFactor>Large</formFactor>
        <type>Default</type>
    </actionOverrides>
    <actionOverrides>
        <actionName>List</actionName>
        <formFactor>Small</formFactor>
        <type>Default</type>
    </actionOverrides>
    <actionOverrides>
        <actionName>New</actionName>
        <type>Default</type>
    </actionOverrides>
    <actionOverrides>
        <actionName>New</actionName>
        <formFactor>Large</formFactor>
        <type>Default</type>
    </actionOverrides>
    <actionOverrides>
        <actionName>New</actionName>
        <formFactor>Small</formFactor>
        <type>Default</type>
    </actionOverrides>
    <actionOverrides>
        <actionName>SaveEdit</actionName>
        <type>Default</type>
    </actionOverrides>
    <actionOverrides>
        <actionName>SaveEdit</actionName>
        <formFactor>Large</formFactor>
        <type>Default</type>
    </actionOverrides>
    <actionOverrides>
        <actionName>SaveEdit</actionName>
        <formFactor>Small</formFactor>
        <type>Default</type>
    </actionOverrides>
    <actionOverrides>
        <actionName>Tab</actionName>
        <type>Default</type>
    </actionOverrides>
    <actionOverrides>
        <actionName>Tab</actionName>
        <formFactor>Large</formFactor>
        <type>Default</type>
    </actionOverrides>
    <actionOverrides>
        <actionName>Tab</actionName>
        <formFactor>Small</formFactor>
        <type>Default</type>
    </actionOverrides>
    <actionOverrides>
        <actionName>View</actionName>
        <type>Default</type>
    </actionOverrides>
    <actionOverrides>
        <actionName>View</actionName>
        <formFactor>Large</formFactor>
        <type>Default</type>
    </actionOverrides>
    <actionOverrides>
        <actionName>View</actionName>
        <formFactor>Small</formFactor>
        <type>Default</type>
    </actionOverrides>
    <compactLayoutAssignment>SYSTEM</compactLayoutAssignment>
    <enableFeeds>false</enableFeeds>
    <externalSharingModel>ControlledByParent</externalSharingModel>
    <searchLayouts>
        <customTabListAdditionalFields>Asset</customTabListAdditionalFields>
        <customTabListAdditionalFields>StartDate</customTabListAdditionalFields>
        <customTabListAdditionalFields>EndDate</customTabListAdditionalFields>
        <customTabListAdditionalFields>Quantity</customTabListAdditionalFields>
        <customTabListAdditionalFields>Amount</customTabListAdditionalFields>
        <customTabListAdditionalFields>Mrr</customTabListAdditionalFields>
        <lookupDialogsAdditionalFields>Asset</lookupDialogsAdditionalFields>
        <lookupDialogsAdditionalFields>StartDate</lookupDialogsAdditionalFields>
        <lookupDialogsAdditionalFields>EndDate</lookupDialogsAdditionalFields>
        <lookupDialogsAdditionalFields>Quantity</lookupDialogsAdditionalFields>
        <lookupDialogsAdditionalFields>Amount</lookupDialogsAdditionalFields>
        <lookupDialogsAdditionalFields>Mrr</lookupDialogsAdditionalFields>
        <lookupPhoneDialogsAdditionalFields>Asset</lookupPhoneDialogsAdditionalFields>
        <lookupPhoneDialogsAdditionalFields>StartDate</lookupPhoneDialogsAdditionalFields>
        <lookupPhoneDialogsAdditionalFields>EndDate</lookupPhoneDialogsAdditionalFields>
        <lookupPhoneDialogsAdditionalFields>Quantity</lookupPhoneDialogsAdditionalFields>
        <lookupPhoneDialogsAdditionalFields>Amount</lookupPhoneDialogsAdditionalFields>
        <lookupPhoneDialogsAdditionalFields>Mrr</lookupPhoneDialogsAdditionalFields>
        <searchResultsAdditionalFields>Asset</searchResultsAdditionalFields>
        <searchResultsAdditionalFields>StartDate</searchResultsAdditionalFields>
        <searchResultsAdditionalFields>EndDate</searchResultsAdditionalFields>
        <searchResultsAdditionalFields>Quantity</searchResultsAdditionalFields>
        <searchResultsAdditionalFields>Amount</searchResultsAdditionalFields>
        <searchResultsAdditionalFields>Mrr</searchResultsAdditionalFields>
    </searchLayouts>
    <sharingModel>ControlledByParent</sharingModel>
</CustomObject>
